token,状态,命中次数,示例关键词
3D,pending,20,spirax sarco 3d
PN16,pending,12,spirax sarco pn16
PN25,pending,6,spirax sarco pn25
GGG40,pending,5,spirax sarco ggg40
DN80,pending,4,duyar dn80 spirax sarco
PT100,done,4,pt100 spirax sarco
8X5MM,pending,3,spirax sarco 8x5mm powder coat tubing
A-395,pending,3,a-395 spirax sarco
A395,pending,3,a395 spirax sarco
B1,pending,3,spirax sarco 5l b1
CF8M,pending,3,distribuidor spirax-sarco modelo dfu cf8m pn50
D17,done,3,tip d17 g spirax sarco
DN100,pending,3,filtre spirax sarco dn100
DN25,pending,3,spirax sarco dn25
DN32,pending,3,spirax sarco dn32 pn16 25 datasheet
S2000,done,3,s2000 spirax sarco
TI-P404-03,pending,3,pdf spirax sarco ti-p404-03 ab issue 8
2D,pending,2,2d spirax sarco
2P,pending,2,spirax sarco lsb 3 3v 2p 220v
3V,pending,2,spirax sarco lsb 3 3v 2p 220v
3X2,pending,2,spirax sarco ptc 3x2
5L,pending,2,spirax sarco 5l b1
5S,done,2,5s spirax sarco
A20A,done,2,spirax sarco a20a
A743,pending,2,spirax sarco a743 ca40f
AF1,done,2,spirax sarco af1
BRV25,done,2,brv25 spirax sarco
BS7438,pending,2,cheque de 2 spirax sarco bs7438
CA40,pending,2,spirax sarco a743 ca40
CA40F,pending,2,spirax sarco a743 ca40f
CI-125,done,2,ci-125 spirax sarco
D16,done,2,d16 spirax sarco
D27,pending,2,d27 spirax sarco cena
DN50,pending,2,spirax sarco dn50
EN-JS1025,pending,2,spirax sarco en js1025
FN2SN3NTR,pending,2,epr fn2sn3ntr spirax sarco
FT-185,done,2,2 spirax sarco ft-185
FT100,pending,2,ft100 market cap ranking spirax-sarco engineering plc
FT144,done,2,ft144 5 spirax sarco
FT4310,done,2,ft4310 spirax sarco
FT55,done,2,spirax sarco ft55
GGG40.3,pending,2,spirax sarco ggg40.3
GGG403,pending,2,spirax sarco ggg403
H12,done,1,h12 spirax sarco
HM00,pending,2,spirax sarco hm00 6
HS-7300,pending,2,spirax sarco hs-7300
ISA100,done,2,spirax sarco staps isa100 wireless
K14,pending,2,spirax sarco k14 npt
M200,pending,2,m200 spirax sarco
M452I,pending,2,m452i 4 dn 150 spirax sarco
M5,pending,2,spirax sarco m5
M60,pending,2,m60 spirax sarco
PT2,done,2,pt2 spirax sarco
SI2,done,2,spirax sarco 10 si2
T2,pending,2,pioto t2 spirax sarco
TI-P403-57,pending,2,spirax sarco ti-p403-57
1BD,pending,1,1bd spirax sarco
1CT,pending,1,spirax sarco 1ct
2GD,pending,1,spirax sarco 2gd bva340
2SP,pending,1,brv 2sp spirax sarco
2V8-31107,pending,1,spirax sarco 2v8-31107
3C.525,pending,1,3c.525 spirax sarco 3d
3P,pending,1,spirax sarco m5 3p 316 pt 3 4
4B,pending,1,drv 4b spirax sarco
4M310,pending,1,4m310 spirax sarco
4X,pending,1,spirax sarco sp 301 tipo 4x
5M,pending,1,diagramme des 5m spirax sarco
5MM,pending,1,spirax sarco 8mm x 5mm
6A,done,1,spirax sarco 6a
7B30,pending,1,service exchange spirax sarco drv 7b30
8G,pending,1,07 8g spirax sarco
8MM,pending,1,spirax sarco 8mm x 5mm
9MO,pending,1,spirax sarco cl51 9mo
A125,done,1,spirax sarco t a125
A36,pending,1,manual spirax sarco a36
AEL51211JX,done,1,spirax sarco ael51211jx
AEL62211JX,done,1,spirax sarco ael62211jx
AEL62213,done,1,spirax sarco ael62213 fs
AEL63213FX,done,1,spirax sarco ael63213fx
AEL63231JS,done,1,spirax sarco ael63231js
AEL64221JS,done,1,spirax sarco ael64221js
AF10,done,1,spirax sarco af10
AF250,done,1,spirax sarco af250
AHL1,done,1,spirax sarco ahl1
ANS1300,done,1,spirax sarco ans1300
AR16F,pending,1,spirax sarco ar16f 125 60
AUS32,done,1,spirax sarco aus32
AW2000,pending,1,aw2000 spirax sarco
B-2-180,done,1,spirax sarco b-2-180
B-45,pending,1,1 2 b-45 spirax sarco
B1000117,pending,1,spirax sarco bma51 b1000117
B12,pending,1,spirax sarco b12
B18,pending,1,spirax sarco b18
B1HS,done,1,spirax sarco b1hs 30
B1HS-125,done,1,spirax sarco b1hs-125
B1HS-250,done,1,spirax sarco b1hs-250
B2,pending,1,spirax sarco b2 125
B25,pending,1,spirax sarco b25
B3-30,done,1,spirax sarco b3-30
B3-75,done,1,spirax sarco b3-75
B3S,done,1,b3s spirax sarco
B62,pending,1,spirax sarco b62
B730,pending,1,spirax sarco b730
BBU43,done,1,spirax sarco bbu43
BC-3200,done,1,spirax sarco bc-3200 3210
BC3050,done,1,bc3050 spirax sarco
BC3100,done,1,spirax sarco bc3100
BC3200,done,1,spirax sarco bc3200 manual
BCV31,done,1,spirax sarco bcv31
BCV41,done,1,spirax sarco bcv41
BCV43DN20,done,1,spirax sarco bcv43dn20
BDV1,done,1,spirax sarco bdv1
BH-75,done,1,spirax sarco bh-75
BLU-800-2000-6000,done,1,clean steam generator-spirax sarco model blu-800-2000-6000
BM7,pending,1,bm7 spirax sarco
BMA51,done,1,spirax sarco bma51 b1000117
BPS32CV,done,1,spirax sarco bps32cv
BPT1,done,1,bpt1 ax 1 2 bsp cap nts spirax sarco
BRC2S,pending,1,brc2s spirax sarco
BRV-25,done,1,spirax sarco brv-25
BS1A,done,1,spirax sarco bs1a
BSC4,pending,1,bsc4 spirax sarco
BT16,done,1,spirax sarco bt16 trap
BT16B,done,1,spirax sarco bt16b manual
BTS2,done,1,spirax sarco bts2
BVA325S,done,1,spirax sarco bva325s 14
BVA340,done,1,spirax sarco 2gd bva340
BVL306,done,1,spirax sarco bvl306
BX2,done,1,spirax sarco bx2
BX6,done,1,spirax sarco bx6
C1118,pending,1,spirax sarco c1118 c
C15055,pending,1,c15055 spirax sarco
C16,pending,1,spirax sarco c16 el
CA46S21,done,1,spirax sarco ca46s21
CC491KM,pending,1,spirax sarco cc491km
CF3M,pending,1,spirax sarco cf3m
CFM8,pending,1,spirax sarco scv cfm8
CFS26,done,1,spirax sarco cfs26
CL51,pending,1,spirax sarco cl51 9mo
CSM-500,done,1,spirax sarco csm-500
D168,pending,1,barilotto d168 di separazione spirax sarco
D363CVC,pending,1,spirax sarco d363cvc
D6,pending,1,spirax sarco d6 course
DF27,pending,1,df27 dn 40 pn16 25 spirax sarco
DF3,done,1,spirax sarco df3
DM582A,done,1,spirax sarco dm582a
DN150,pending,1,m452i 4 dn150 spirax sarco
DN16,pending,1,spirax sarco type 4 dn16 dn100
DN18,pending,1,spirax sarco dn18
DN40,pending,1,spirax sarco dn40 pn16
DP143E,done,1,spirax sarco dp143e
DP17E,done,1,spirax sarco dp17e
DP17R,done,1,spirax sarco dp17r
DP17S,done,1,spirax sarco dp17s precio
DP23,done,1,dp23 spirax sarco
DP25,done,1,dp25 spirax sarco
DP610,done,1,spirax sarco dp610
DPY27Y,done,1,dpy27y spirax sarco
DRV2S,done,1,spirax sarco drv2s
DRV3,done,1,drv3 spirax sarco
DTS-300,pending,1,dts-300 spirax sarco
DV41,done,1,spirax sarco dv41
DVC41,done,1,spirax sarco dvc41
E12,done,1,spirax sarco e12
EA14E,done,1,spirax sarco ea14e
EN-JL1040,pending,1,spirax sarco en-jl1040
ENJS1025,pending,1,spirax sarco enjs1025
EP305,done,1,spirax sarco ep305
EP400,pending,1,ep400 spirax sarco
ES000110,pending,1,spirax sarco es000110
EV141,done,1,spirax sarco ev141
EV41,done,1,spirax sarco ev41
F316,pending,1,spirax sarco body cap f316
F34,done,1,f34 spirax sarco
F50,done,1,spirax sarco f50
FC50,done,1,spirax sarco fc50
FIG33,done,1,fig33 spirax sarco
FJW-1,pending,1,spirax sarco fjw-1 sarco
FLUJO1,done,1,visor de flujo1 spirax sarco
FT-150,done,1,ft-150 spirax sarco
FT-200,done,1,spirax sarco ti-2-314 ft-200
FT-30,done,1,ft-30 spirax sarco
FT-44V,done,1,spirax sarco ft-44v
FT1-125,done,1,d16 spirax sarco ft1-125
FT1414,done,1,ft1414 spirax sarco
FT145,done,1,spirax sarco ft145
FT14C,done,1,spirax sarco ft14c
FT17,done,1,ft17 spirax sarco
FT20,done,1,ft20 spirax sarco
FT200,done,1,spirax sarco ft200
FT2075,done,1,spirax sarco ft2075
FT3221,done,1,ft3221 spirax sarco
FT43H-10,done,1,ft43h-10 spirax sarco
FT43V,done,1,spirax sarco ft43v
FT461,done,1,ft461 spirax sarco
FT461-4HTB,done,1,ft461-4htb spirax sarco
FT57,done,1,spirax sarco ft57
FT57H,done,1,spirax sarco ft57h
FTB-125,done,1,ftb-125 spirax sarco
FTB-200,done,1,ftb-200 spirax sarco
FTB17597,done,1,ftb17597 spirax sarco
FTB200,done,1,ftb200 spirax sarco
FTSG14,done,1,ftsg14 spirax sarco
FV50,done,1,spirax sarco fv50
FV8,done,1,tanque fv8 spirax sarco
GBP139,pending,1,top news spirax-sarco in gbp139 million takeover bid for thermocoax
GG25,pending,1,spirax sarco gg25
GL519N,pending,1,gl519n spirax sarco
GL519NQ,pending,1,gl519nq spirax sarco
GSA33,pending,1,gsa33 spirax sarco
IJ-VGL-FL-020,pending,1,ij-vgl-fl-020 spirax sarco
IL1,done,1,spirax sarco il1
IM-G37-33,pending,1,boletin spirax sarco im-g37-33
IN25,done,1,spirax sarco in25
INS15,done,1,spirax sarco ins15
IRV-2,done,1,spirax sarco reduceer irv-2
IRV2,done,1,spirax sarco reducer irv2
J3X,pending,1,j3x tlv equivalente spirax sarco
JL1040,pending,1,spirax sarco jl1040
JS1020,pending,1,seat configuration on a js1020 spirax sarco valve
JS1025,pending,1,spirax sarco en js1025
JS1030,pending,1,spirax sarco pn 25 js1030
KE31,done,1,spirax sarco ke31
KE71,done,1,ke71 spirax sarco
LC1000,done,1,lc1000 spirax sarco
LC1130,done,1,lc1130 spirax sarco
LCS1000,done,1,spirax sarco lcs1000
LCV4,done,1,lcv4 spirax sarco
LE3,done,1,le3 spirax sarco
LEA63,done,1,lea63 spirax sarco
LL33,done,1,spirax sarco ll33 ptsuss.2
LP-ST-4,done,1,spirax sarco lp-st-4
LSB3,pending,1,spirax sarco lsb3 3v 2p 220v
LT10-4,done,1,spirax sarco lt10-4
LT2010,done,1,spirax sarco lt2010 pdf
M1,done,1,spirax sarco m1 v2
M10HI2,done,1,spirax sarco m10hi2
M10TI,done,1,m10ti iso spirax sarco
M10V,done,1,m10v spirax sarco
M10V2,done,1,m10v2 spirax sarco
M10V2RB,done,1,spirax sarco m10v2rb
M10VI,done,1,m10vi iso spirax sarco manual pdf
M10VI4,done,1,spirax sarco m10vi4
M111,done,1,spirax sarco m111
M140,done,1,spirax sarco m140
M15,pending,1,manual spirax sarco m15 dimensionamiento
M20,done,1,spirax sarco m20
M200G,pending,1,spirax sarco m200g manual
M250,done,1,spirax sarco m250
M33F2,done,1,spirax sarco m33f2
M40I,done,1,m40i spirax sarco
M40S,done,1,m40s spirax sarco
M60G,done,1,spirax sarco m60g
M60V,done,1,spirax sarco m60v
M7IV,done,1,spirax sarco m7iv
MES2000,pending,1,cost of spirax sarco mes2000 4 unit
MFR14,pending,1,spirax sarco mfr14 price
MK2,pending,1,spirax sarco dri-line mk2
MK3,pending,1,spirax sarco dri-line mk3
MPC2,done,1,mpc2 spirax sarco
MS102,pending,1,ms102 spirax sarco
MS30,pending,1,ms30 spirax sarco
MST21H,done,1,mst21h spirax sarco
MV11,pending,1,mv11 spirax sarco
MX1M,pending,1,spirax sarco mx1m
N2000,done,1,n2000 spirax sarco
NOVUS1100,pending,1,malha de controle novus1100 ifm su7000 spirax sarco
NR13,pending,1,nr13 comentada spirax sarco
P20,done,1,spirax sarco p20
P58178,pending,1,spirax sarco p58178
P58178-A,pending,1,spirax sarco p58178-a
P58178A,pending,1,spirax sarco p58178a
PA42P,done,1,spirax sarco pa42p
PF5,done,1,pf5 spirax sarco
PF51,done,1,pf51 spirax sarco
PF63G,done,1,pf63g spirax sarco
PN1000,done,1,spirax sarco pn1000
PN12,pending,1,spirax sarco pn12
PN3000,done,1,pn3000 spirax sarco
PN3232,done,1,attuatore pneumatico spirax sarco pn3232
PN3326,done,1,attuatore spirax sarco pn3326
PN3436,done,1,spirax sarco pn3436
PN40,pending,1,spirax sarco pn40
PN50,pending,1,distribuidor spirax-sarco modelo dfu cf8m pn50
PN61200,pending,1,spirax sarco pn61200
PN9100,done,1,pn9100 spirax sarco
PN9337E,done,1,spirax sarco pn9337e
PN933OE,done,1,spirax sarco type pn933oe
PN9420,done,1,spirax sarco pn9420
PNS420,pending,1,spirax sarco pns420
PT-25,done,1,spirax sarco pt-25
PT1,done,1,spirax sarco pt1
PTSUSS.2,pending,1,spirax sarco ll33 ptsuss.2
PV6211,pending,1,pv6211 spirax sarco
QL43D,done,1,ql43d spirax sarco
RB12,done,1,spirax sarco rb12
RUSPSD01,pending,1,ruspsd01 group global spirax sarco t061036
RV12,done,1,spirax sarco rv12
RV2C,done,1,spirax sarco rv2c
S11,pending,1,camara sensora s11 spirax sarco
S30,done,1,s30 spirax sarco
S4A,done,1,s4a spirax sarco
SA8,done,1,spirax sarco sa8
SAKTBH0000,pending,1,carel saktbh0000 spirax sarco
SBP30,done,1,sbp30 spirax sarco
SCV8,done,1,spirax sarco scv8
SDCV44,done,1,sdcv44 spirax sarco
SERIE-25,pending,1,spirax sarco serie-25 e-bay
SF1,done,1,spirax sarco sf1
SF2,done,1,spirax sarco sf2
SG2,done,1,sg2 spirax sarco
SH1512,done,1,sh1512 spirax sarco
SL2,pending,1,spirax sarco 10 sl2
SP-006,pending,1,spirax sarco trackid sp-006
SP2,done,1,spirax sarco sp2
SP303,done,1,spirax sarco sp303
SP400LS,done,1,spirax sarco sp400ls
SRV6,done,1,spirax sarco srv6
SS1,done,1,spirax sarco ss1
ST-141,pending,1,camara sensora st-141 spirax sarco
ST14,done,1,st14 spirax sarco
ST17,done,1,spirax sarco st17
STGS14,done,1,spirax sarco stgs14
STS13,done,1,sts13 spirax sarco
STS17,done,1,sts17 spirax sarco
STW24,pending,1,spirax sarco stw24
SU7000,pending,1,malha de controle novus1100 ifm su7000 spirax sarco
SV56,done,1,sv56 spirax sarco
SV5601,done,1,spirax sarco sv5601
SV5708,done,1,sv5708 spirax sarco
SV604,done,1,sv604 spirax sarco
SV606,done,1,spirax sarco sv606
SV69L,done,1,sv69l spirax sarco
SV74XN,done,1,spirax sarco referencia sv74xn
SV80,done,1,spirax sarco sv80
SX100-1,done,1,spirax sarco sx100-1 manual
SX2000,done,1,sx2000 spirax sarco
SX40,done,1,sx40 spirax sarco
SX95,done,1,spirax sarco sx95
SXS1703,pending,1,spirax sarco nts sxs1703
T-P022-01,pending,1,t-p022-01 spirax sarco
T061036,pending,1,ruspsd01 group global spirax sarco t061036
T1,pending,1,spirax sarco 662-t1
T15,pending,1,adjustment spring blue t15 3.027 spirax sarco
T25,done,1,spirax sarco t25
T3,done,1,spirax sarco t3
TD4252,pending,1,spirax sarco td4252
TD43L,done,1,spirax sarco td43l
TF14,done,1,tf14 spirax sarco
TH-125,done,1,spirax sarco th-125
TH25,done,1,spirax sarco th25
TI-2-314,pending,1,spirax sarco ti-2-314 ft-200
TI-P192-01,pending,1,spirax sarco ti-p192-01
TI-PO17-07,pending,1,spirax sarco ti-po17-07
TK-E-B05D-H-V,pending,1,7887-tk-e-b05d-h-v spirax sarco
TLV7,pending,1,spirax sarco tlv7
TT4,pending,1,tt4 spirax sarco
UBAR700,pending,1,dtm ubar700 spirax sarco
UP1-124-HL-SP,pending,1,up1-124-hl-sp spirax sarco
V2,done,1,spirax sarco m1 v2
V93AD,pending,1,spirax sarco v93ad
VB14INSTAL,done,1,spirax sarco vb14instal
VCV-2,done,1,spirax sarco vcv-2
VHT2,done,1,spirax sarco vht2
VHT8,done,1,spirax sarco vht8
VL2M20,pending,1,conexion de spirax sarco vl2m20
VM13,done,1,spirax sarco vm13
VRV-25,done,1,spirax sarco vrv-25
WCV2V,pending,1,spirax sarco wcv2v
MST18,done,2,mst 18 spirax sarco
BPS32YCV,done,1,bps 32ycv spirax sarco
DLV75,done,1,dlv 75 spirax sarco
EL5611,done,1,spirax sarco el 5611
CI250,done,1,spirax sarco ci 250
FIG106,done,1,spirax sarco fig 106
DFG300,done,1,spirax sarco dfg 300
B5-125,done,1,spirax sarco b5-125
TYP20,done,1,spirax sarco type 20
25SERIES,done,1,spirax sarco 25
SV,done,1,spirax sarco sv
BC,done,1,spirax sarco bc
CP,done,1,spirax sarco cp
