Keyword,Intent,Volume,KD,CPC,类型,备注,内链
sc20 spirax sarco,,20,,0.00,product,,
spirax sarco sc20,,20,,0.00,product,,
spirax sarco sc20 sample cooler,,20,,0,product,,
spirax sarco ssc20,,20,,0,product,,
serpentin para enfriador spirax sarco sc20,,0,,0.00,,,
sample cooler spirax sarco,,20,,0,category,,/products/boiler-controls-and-systems/sample-cooler/
spirax sarco sample cooler,,20,,0,category,斯派莎克 取样冷却器,/products/boiler-controls-and-systems/sample-cooler/
spirax sarco high pressure sample cooler,,10,,0,category,斯派莎克 高压取样冷却器,/products/boiler-controls-and-systems/sample-cooler/
spirax sarco sample coolers,,10,,0,category,斯派莎克 取样冷却器,/products/boiler-controls-and-systems/sample-cooler/
spirax sarco boiler sample cooler,,0,,0,,,/products/boiler-controls-and-systems/sample-cooler/
spirax sarco clean steam sample cooler,,0,,0,,,/products/boiler-controls-and-systems/sample-cooler/
spirax sarco scs20,,20,,0.00,,,
scs20 spirax sarco,,10,,0.00,,,
enfriador muestras spirax sarco muestras scs20,,0,,0.00,,,
enfriador spirax sarco muestras scs20,,0,,0.00,,,
scs 20 spirax sarco,,0,,0.00,,,/products/boiler-controls-and-systems/sample-cooler/
enfriador de muestras spirax sarco,,0,,0.00,,,/products/boiler-controls-and-systems/sample-cooler/
rnfriador de muestras spirax sarco,,0,,0.00,,,/products/boiler-controls-and-systems/sample-cooler/
sample coler spirax sarco,,0,,0.00,,,/products/boiler-controls-and-systems/sample-cooler/
