产品系列/类型,文件,关键词行数
疏水阀,480-710-疏水阀.csv,710
减压阀,70-307-减压阀.csv,307
过滤器,30-257-过滤器.csv,257
阀门定位器,40-172-阀门定位器.csv,172
控制阀,40-135-控制阀.csv,135
执行器,20-107-执行器.csv,107
冷凝水泵,70-96-冷凝水泵.csv,96
汽水分离器,90-92-汽水分离器.csv,92
球阀,30-85-球阀.csv,85
排空气阀,40-80-排空气阀.csv,80
调节阀,50-71-调节阀.csv,71
安全阀,50-67-安全阀.csv,67
止回阀,140-65-止回阀.csv,65
自动排空气阀,30-64-自动排空气阀.csv,64
截止阀,30-54-截止阀.csv,54
流量计,30-53-流量计.csv,53
锅炉及附件,20-52-锅炉及附件.csv,52
过程控制器,30-48-过程控制器.csv,48
排污控制器,30-46-排污控制器.csv,46
液位控制器,30-41-液位控制器.csv,41
换热器系统,20-39-换热器系统.csv,39
阀门通用,90-36-阀门通用.csv,36
温度控制系统,20-32-温度控制系统.csv,32
排污阀,20-30-排污阀.csv,30
观视镜,20-26-观视镜.csv,26
减温器,20-24-减温器.csv,24
泵组组合,20-24-泵组组合.csv,24
液位感应器,20-24-液位感应器.csv,24
换热器,30-23-换热器.csv,23
破真空器,40-22-破真空器.csv,22
分布器,40-21-分布器.csv,21
冷凝水回收装置,30-19-冷凝水回收装置.csv,19
取样冷却器,20-19-取样冷却器.csv,19
电导率感应器,30-19-电导率感应器.csv,19
洁净蒸汽发生器,50-18-洁净蒸汽发生器.csv,18
监测器,20-18-监测器.csv,18
排污控制系统,0-17-排污控制系统.csv,17
自动泵,30-16-自动泵.csv,16
显示器,20-15-显示器.csv,15
机械泵,20-15-机械泵.csv,15
角阀,30-15-角阀.csv,15
喷射器,20-14-喷射器.csv,14
垫片与膨胀接头,30-14-垫片与膨胀接头.csv,14
电磁阀,0-14-电磁阀.csv,14
喷射加热系统,10-13-喷射加热系统.csv,13
泵通用,30-13-泵通用.csv,13
流量计算机,20-13-流量计算机.csv,13
温控阀,30-13-温控阀.csv,13
变送器,20-12-变送器.csv,12
闪蒸罐,20-12-闪蒸罐.csv,12
引射器,0-11-引射器.csv,11
消音器,30-11-消音器.csv,11
温度传感器,0-10-温度传感器.csv,10
空气加湿器,20-10-空气加湿器.csv,10
感应器,20-8-感应器.csv,8
排水盘弯头,20-8-排水盘弯头.csv,8
混合阀,20-8-混合阀.csv,8
管道连接器,40-8-管道连接器.csv,8
蒸汽集管,0-8-蒸汽集管.csv,8
前置放大器,20-7-前置放大器.csv,7
排污罐,20-7-排污罐.csv,7
水封罐,30-7-水封罐.csv,7
活塞阀,0-7-活塞阀.csv,7
除氧器,20-7-除氧器.csv,7
保护装置,20-6-保护装置.csv,6
冷凝器,20-6-冷凝器.csv,6
蒸汽蓄热器,20-6-蒸汽蓄热器.csv,6
电气转换器,20-5-电气转换器.csv,5
电磁流量计,0-5-电磁流量计.csv,5
双切断排放阀,20-4-双切断排放阀.csv,4
液位开关,0-4-液位开关.csv,4
溢流阀,0-4-溢流阀.csv,4
蒸汽发生器,20-4-蒸汽发生器.csv,4
三通阀,10-3-三通阀.csv,3
孔板,20-3-孔板.csv,3
排空帽,20-3-排空帽.csv,3
气动控制器,20-3-气动控制器.csv,3
流量计系统,0-3-流量计系统.csv,3
能效监测器,0-3-能效监测器.csv,3
闸阀,20-3-闸阀.csv,3
润滑器,0-2-润滑器.csv,2
蝶阀,10-2-蝶阀.csv,2
针阀,0-2-针阀.csv,2
锅炉控制,20-2-锅炉控制.csv,2
集水腿,20-2-集水腿.csv,2
三通旋转阀,0-1-三通旋转阀.csv,1
先导阀,20-1-先导阀.csv,1
涡街流量计,0-1-涡街流量计.csv,1
电蒸汽发生器,0-1-电蒸汽发生器.csv,1
角座阀,0-1-角座阀.csv,1
过滤调节器,0-1-过滤调节器.csv,1
