Keyword,Intent,Volume,KD,CPC
"spirax sarco",Commercial,140,33,0.42
"spirax sarco separator",,30,,0.00
"spirax sarco share price",,30,,0.00
"spirax sarco steam calculator",,30,,0.00
"dcv4 spirax sarco",,20,,0.00
"fig 34 spirax sarco",,20,,0.00
"spirax sarco av13",,20,,0.00
"spirax sarco cheltenham",,20,,0.00
"spirax sarco engineering",,20,,0.00
"spirax sarco engineering plc",,20,,0.00
"spirax sarco ftgs14",,20,,0.00
"spirax sarco ireland",,20,,0.42
"spirax sarco ke73",,20,,0.00
"spirax sarco ltd",,20,,0.00
"spirax sarco pressure relief valve",,20,,0.00
"spirax sarco steam separator",,20,,0.00
"spirax sarco steam tables",,20,,0.00
"spirax sarco steam traps",,20,,0.00
"spirax sarco strainer",,20,,0.00
"spirax sarco training",,20,,0.00
"spirax sarco uk",,20,,0.00
"spirax sarco usa",,20,,0.00
"spirax sarco 3d models",,10,,0.00
"spirax sarco calculator",,10,,0.00
"spirax sarco distributors",,10,,0.00
"spirax sarco drv7 b",,10,,0.00
"spirax sarco ft44",,10,,0.00
"spirax sarco jobs",,10,,0.00
"spirax sarco mfp14",,10,,0.00
"spirax sarco products",,10,,0.00
"spirax sarco steam",,10,,0.00
"spirax sarco steam control valve",,10,,0.00
"spirax sarco sx80",,10,,0.00
"spirax sarco uft32 10",,10,,0.00
"spirax sarco valves",,10,,0.00
"assessment center spirax sarco",,0,,0.00
"lauren sullivan spirax sarco",,0,,0.00
"london stock exchange spirax sarco",,0,,0.00
"obit 2007 george brown cheltenham spirax sarco",,0,,0.00
"obit george brown cheltenham spirax sarco",,0,,0.00
"spirax sarco 8 model no ft44-4.5",,0,,0.00
"spirax sarco address",,0,,0.00
"spirax sarco av13 upside down",,0,,0.00
"spirax sarco ball valves dn25 to dn150 m20h data sheet",,0,,0.00
"spirax sarco bc3250",,0,,0.00
"spirax sarco cad",,0,,0.00
"spirax sarco careers",,0,,0.00
"spirax sarco catalogue pdf",,0,,0.00
"spirax sarco cl51 9mo",,0,,0.00
"spirax sarco control valve open position",,0,,0.00
"spirax sarco el3500",,0,,0.00
"spirax sarco el3500 selection",,0,,0.00
"spirax sarco flow coefficient",,0,,0.00
"spirax sarco ft10 steam trap",,0,,0.00
"spirax sarco hiter crosby",,0,,0.00
"spirax sarco in40m",,0,,0.00
"spirax sarco italia wiki",,0,,0.00
"spirax sarco ke73 open position",,0,,0.00
"spirax sarco learn about steam",,0,,0.00
"spirax sarco linkedin",,0,,0.00
"spirax sarco local distributor",,0,,0.00
"spirax sarco locations",,0,,0.00
"spirax sarco lp30",,0,,0.00
"spirax sarco mexico",,0,,0.00
"spirax sarco milano",,0,,0.00
"spirax sarco offerte lavoro",,0,,0.00
"spirax sarco philippines",,0,,0.00
"spirax sarco plc",,0,,0.00
"spirax sarco sa128",,0,,0.00
"spirax sarco steam powered condensate pump",,0,,0.00
"spirax sarco steam system design",,0,,0.00
"spirax sarco steam trap maintenance",,0,,0.00
"spirax sarco steam trap tester",,0,,0.00
"spirax sarco steam traps pdf",,0,,0.00
"spirax sarco steam valve specification",,0,,0.00
"spirax sarco steam valves",,0,,0.00
"spirax sarco thremal relief valve",,0,,0.00
"spirax sarco uft32-10 failure",,0,,0.00
"spirax sarco utd52l",,0,,0.00
"spirax sarco valves data sheet",,0,,0.00
"spirax sarco vb14",,0,,0.00
"spirax sarco video interview questions",,0,,0.00
"spirax sarco wiki",,0,,0.00
"spirax sarco y strainer",,0,,0.00
