Keyword,Volume,KD 难度,CPC,Intent 意图,类型,备注
spirax sarco,2400,43,0.74,Commercial,brand,
spirax sarco inc,480,25,0.73,Commercial,brand,
spirax sarco steam traps,480,13,1.6,Commercial+Navigational,category,
spirax sarco inc.,320,29,0.73,Commercial,brand,
spirax sarco steam trap,210,8,1.6,Commercial,category,
spirax sarco usa,210,10,0.67,Commercial,brand,
spirax sarco steam check valve,140,9,0,Informational+Navigational,category,
spirax sarco blythewood sc,110,14,1.33,Commercial,address,斯派莎克 布莱斯伍德 南卡罗来纳州
spirax sarco ggg40,110,0,0,Informational,product,
spirax sarco steam tables,110,17,0,Commercial,category,
spirax sarco td52,90,8,2.04,Informational+Navigational,product,
spirax sarco 25p,70,8,2.08,Transactional,product,
spirax sarco b 1h,70,7,2,Informational+Navigational,product,
spirax sarco blythewood,70,17,3.16,Commercial,address,斯派莎克 布莱斯伍德
spirax sarco condensate pump,70,9,1.83,Informational+Navigational,category,
spirax sarco distributors,70,20,2.32,Commercial,brand,
spirax sarco inc blythewood sc,70,15,3.16,Commercial,address,斯派莎克 公司 布莱斯伍德 南卡罗来纳州
spirax sarco pressure reducing valve,70,8,2.06,Transactional,category,
spirax sarco valves,70,16,1.8,Informational+Navigational,category,
ft14 14 spirax sarco,50,,0,,product,
spirax sarco bt6 bh,50,7,0,Informational,product,
spirax sarco company,50,40,0.74,Commercial,brand,
spirax sarco dealers,50,19,2.32,Commercial,brand,
spirax sarco engineering,50,30,2.99,Transactional,brand,
spirax sarco engineering plc,50,33,2.99,Informational,brand,
spirax sarco pressure regulator,50,6,2.06,Informational,category,
spirax sarco pressure relief valve,50,18,2.06,Commercial,category,
spirax sarco prv,50,9,2.06,Informational+Transactional,category,
spirax sarco regulator,50,,2.06,Informational+Navigational,category,
spirax sarco steam regulator,50,10,2.3,Navigational,category,
spirax sarco store,50,9,0,Commercial,brand,
spirax sarco traps,50,12,3.37,Commercial,category,
spirax sarco us,50,21,0.67,Commercial,brand,
spirax sarco air vent,40,8,3.52,Navigational,category,
spirax sarco anytime,40,11,0,Informational,brand,
spirax sarco float and thermostatic steam traps,40,5,2.81,Transactional,category,
spirax sarco ft14,40,9,2.13,Transactional,product,
spirax sarco inverted bucket steam trap,40,7,2.44,Informational,category,
spirax sarco products,40,20,0.57,Navigational,product,
spirax sarco rep locator,40,17,0,Informational+Navigational,brand,
spirax sarco steam,40,9,0,Commercial,category,
spirax sarco thermodynamic steam trap,40,8,3.48,Informational,category,
spirax sarco thermostatic steam trap,40,8,1.68,Transactional,category,
spirax sarco universal connector,40,8,0,Informational+Navigational,category,
spirax sarco vb21,40,,1.83,,product,
steam traps spirax sarco,40,4,1.6,Commercial,category,
apt spirax sarco,30,,0,,category,
bpc32ycv spirax sarco,30,,0,,product,
inverted bucket steam trap spirax sarco,30,,0,,category,
spirax sarco air eliminator,30,,0,,category,
spirax sarco apt14,30,5,2.13,Informational+Navigational,product,
spirax sarco blythewood south carolina,30,,0,,address,斯派莎克 布莱斯伍德 南卡罗来纳州
spirax sarco bt6,30,,0,,product,
spirax sarco btm7,30,,0,,product,
spirax sarco careers,30,,0,,brand,
spirax sarco check valve,30,,0,,category,
spirax sarco condensate pump manual,30,,0,,docs,
spirax sarco condensate recovery unit,30,,0,,category,
spirax sarco distributors near me,30,22,3.35,Navigational,brand,
spirax sarco ft,30,,0,,product,
spirax sarco ft 15 steam trap,30,,0,,product,
spirax sarco ft-15,30,,0,,product,
spirax sarco ft14 steam trap,30,,0,,product,
spirax sarco ftgs14,30,,0,,product,
spirax sarco fts14,30,,0,,product,
spirax sarco gasket,30,,0,,category,
spirax sarco local distributor,30,15,2.77,Informational,brand,
spirax sarco logo,30,,0,,exclude,
spirax sarco pressure powered pump,30,6,4.19,Informational,category,
spirax sarco pump trap,30,,0,,category,
spirax sarco pumps,30,,0,,category,
spirax sarco sp7 10,30,,0,,product,
spirax sarco steam powered condensate pump,30,,0,,category,
spirax sarco steam table,30,,3.05,,category,
spirax sarco steam trap catalog pdf,30,,0,,docs,
spirax sarco strainer,30,11,2.09,Navigational,category,
spirax sarco temperature control valve,30,,0,,category,
spirax sarco thermostatic air vent,30,,0,,category,
steam condensate pump spirax sarco,30,,3.6,,category,
td52 spirax sarco,30,5,2.04,Informational+Navigational,product,
ae14 spirax sarco,20,,0,,product,
apt10 spirax sarco,20,,0,,product,
apt14hc spirax sarco,20,,0,,product,
avc32 spirax sarco,20,,0,,product,
ball float steam trap spirax sarco,20,,0,,category,
ball valve spirax sarco,20,,0,,category,
bpc32 spirax sarco,20,,0,,product,
bpc32y spirax sarco,20,,0,,product,
bpt13 spirax sarco,20,,0,,product,
brv2 spirax sarco,20,,0,,product,
brv71 spirax sarco,20,,0,,product,
bsa3t spirax sarco,20,,0,,product,
bt6 spirax sarco,20,,0,,product,
btm7 spirax sarco,20,,4.72,,product,
chromalox spirax sarco,20,,0,,exclude,chromalox品牌
clean steam generator spirax sarco,20,,0,,category,
condensate cooler spirax sarco,20,,0,,category,
csf16 spirax sarco,20,,0,,product,
dcv4 spirax sarco,20,,0,,product,
dp143 spirax sarco,20,,0,,product,
dp163 spirax sarco,20,,0,,product,
drv7 spirax sarco,20,,0,,product,
ep5 positioner spirax sarco,20,,0,,product,
evc spirax sarco,20,,0,,product,
fig 34 spirax sarco,20,,0,,product,
ft43 10 spirax sarco,20,,0,,product,
ft44 spirax sarco,20,,0,,product,
ft450 spirax sarco,20,,0,,product,
ftb 175 spirax sarco,20,,0,,product,
fts14 spirax sarco,20,,0,,product,
gestra spirax sarco,20,,0,,exclude,GESTRA 品牌
ilva spirax sarco,20,,0,,exclude,ilva品牌
logo spirax sarco,20,,0,,exclude,
m10s spirax sarco,20,,0,,product,
m10s2 spirax sarco,20,,0,,product,
mfp14 spirax sarco,20,,0,,product,
mst21 spirax sarco,20,,0,,product,
pressure reducing valve for steam spirax sarco,20,,1.99,,category,
pressure relief valve spirax sarco,20,,0,,category,
prv spirax sarco,20,,0,,category,
pt spirax sarco indonesia,20,,0,,address,印尼
ptc spirax sarco,20,,0,,product,
pump trap spirax sarco,20,,0,,category,
purgeur spirax sarco,20,,0,,category,
sa121 spirax sarco,20,,0,,product,
sample cooler spirax sarco,20,,0,,category,
sp500 spirax sarco,20,,0,,product,
sp7 10 spirax sarco,20,,0,,product,
sp7 spirax sarco,20,,0,,product,
spira trol spirax sarco,20,,0,,category,
spirax sarco 1 2 steam trap,20,,0,,category,
spirax sarco 1/2 steam trap,20,,0,,category,
spirax sarco 13w,20,,0,,product,
spirax sarco 13ws,20,,0,,product,
spirax sarco 25,20,,0,,product,
spirax sarco 25 main valve,20,,0,,category,
spirax sarco 25 series,20,,0,,category,
spirax sarco 25 series pressure reducing valve,20,,0,,category,
spirax sarco 25 series regulator,20,,0,,category,
spirax sarco 25p capacity,20,,0,,product,
spirax sarco 25p installation manual,20,,0,,product,
spirax sarco 25p manual,20,,0,,product,
spirax sarco 25p parts list,20,,0,,product,
spirax sarco 25p pilot,20,,0,,product,
spirax sarco 25p pressure pilot,20,,0,,product,
spirax sarco 25p pressure reducing valve,20,,0,,product,
spirax sarco 25p rebuild kit,20,,0,,product,
spirax sarco 25t,20,,0,,product,
spirax sarco 3 4 steam trap,20,,0,,category,
spirax sarco 3/4 steam trap,20,,0,,category,
spirax sarco 3d models,20,,0,,docs,
spirax sarco 54819,20,,2.03,,product,
spirax sarco 55223,20,,0,,product,
spirax sarco 55224,20,,2.68,,product,
spirax sarco 55226,20,,0,,product,
spirax sarco 55227,20,,2.04,,product,
spirax sarco 59607,20,,0,,product,
spirax sarco 69843,20,,2.29,,product,
spirax sarco a743 ca40f,20,,0,,product,
spirax sarco actuator,20,,0,,category,
spirax sarco address,20,,0,,address,
spirax sarco ae14,20,,0,,product,
spirax sarco ae30,20,,0,,product,
spirax sarco ae36,20,,0,,product,
spirax sarco ae36a,20,,0,,product,
spirax sarco ae50s,20,,0,,product,
spirax sarco air separator,20,,0,,category,
spirax sarco air trap,20,,0,,category,
spirax sarco allentown pa,20,,0,,address,
spirax sarco annual report,20,,0,,docs,
spirax sarco anytime login,20,,0,,exclude,
spirax sarco app,20,,0,,exclude,
spirax sarco apt,20,,0,,category,
spirax sarco apt 14 installation manual,20,,0,,product,
spirax sarco apt10,20,,0,,product,
spirax sarco apt10-4.5,20,,0,,product,
spirax sarco apt14 pump package,20,,0,,product,
spirax sarco apt14hc,20,,0,,product,
spirax sarco argentina,20,,0,,address,
spirax sarco automatic air vent,20,,0,,category,
spirax sarco automatic pump trap,20,,0,,category,
spirax sarco av13,20,,0,,product,
spirax sarco avc32,20,,0,,product,
spirax sarco b1h,20,,0,,product,
spirax sarco b1h 125,20,,0,,product,
spirax sarco ball float steam trap,20,,0,,category,
spirax sarco ball valve,20,,0,,category,
spirax sarco basket strainer,20,,0,,category,
spirax sarco bc3250,20,,0,,product,
spirax sarco bim,20,,0,,docs,
spirax sarco bimetallic steam trap,20,,0,,category,
spirax sarco blowdown valve,20,,0,,category,
spirax sarco blowdown vessel,20,,0,,category,
spirax sarco blue book,20,,0,,docs,
spirax sarco boiler,20,,0,,category,
spirax sarco boiler controls,20,,0,,category,
spirax sarco book,20,,0,,docs,
spirax sarco bpc32,20,,0,,product,
spirax sarco bpc32y,20,,0,,product,
spirax sarco bpc32ycv,20,,0,,product,
spirax sarco bpt13s,20,,0,,product,
spirax sarco brasil,20,,0,,address,巴西
spirax sarco brazil,20,,0,,address,巴西
spirax sarco brv2s,20,,2.37,,product,
spirax sarco brv2s manual,20,,0,,product,
spirax sarco brv71,20,,0,,product,
spirax sarco bsa1t,20,,0,,product,
spirax sarco bsa3t,20,,0,,product,
spirax sarco bt6 bl,20,,0,,product,
spirax sarco bts7,20,,0,,product,
spirax sarco bucket steam trap,20,,0,,category,
spirax sarco bucket trap,20,,0,,category,
spirax sarco ca14,20,,0,,product,
spirax sarco cad,20,,0,,docs,
spirax sarco calculator,20,,0,,docs,
spirax sarco canada,20,,0,,address,加拿大
spirax sarco canada limited,20,,0,,address,加拿大
spirax sarco canada ltd,20,,0,,address,加拿大
spirax sarco catalogue,20,,0,,category,
spirax sarco catalogue pdf,20,,0,,docs,
spirax sarco ceo,20,,0,,exclude,
spirax sarco cheltenham,20,,0,,address,英国
spirax sarco china,20,,0,,address,
spirax sarco chromalox,20,,0,,exclude,品牌
spirax sarco clean steam generator,20,,0,,category,
spirax sarco columbia sc,20,,0,,address,
spirax sarco competitors,20,,0,,exclude,
spirax sarco condensate cooler,20,,0,,category,
spirax sarco condensate pipe sizing,20,,0,,category,
spirax sarco condensate receiver,20,,0,,category,
spirax sarco condensate recovery,20,,0,,category,
spirax sarco condensate return pump,20,,0,,category,
spirax sarco condensate trap,20,,0,,category,
spirax sarco contact,20,,0,,category,
spirax sarco contact number,20,,0,,category,
spirax sarco control valve,20,,2.49,,category,
spirax sarco control valve manual,20,,0,,category,
spirax sarco control valve pdf,20,,0,,docs,
spirax sarco cp30,20,,0,,product,
spirax sarco csf16,20,,0,,product,
spirax sarco csf16 steam filter,20,,0,,product,
spirax sarco csf26 steam filter,20,,0,,product,斯派莎克 CSF26 蒸汽过滤器
spirax sarco ct strainer,20,,0,,category,斯派莎克 CT 过滤器
spirax sarco culinary steam filter,20,,0,,category,斯派莎克 食品级蒸汽过滤器
spirax sarco customer service,20,,0,,category,斯派莎克 客户服务
spirax sarco dcv3,20,,0,,product,
spirax sarco dcv41,20,,0,,product,
spirax sarco deaerator,20,,0,,category,斯派莎克 除氧器
spirax sarco design of fluid systems,20,,0,,category,斯派莎克 流体系统设计
spirax sarco desuperheater,20,,0,,category,斯派莎克 减温器
spirax sarco diffuser,20,,0,,category,斯派莎克 扩散器
spirax sarco disc check valve,20,,0,,category,斯派莎克 圆盘止回阀
spirax sarco distributors usa,20,,2.72,,address,斯派莎克 美国经销商
spirax sarco dn25,20,,0,,category,斯派莎克 DN25
spirax sarco dn50,20,,0,,category,斯派莎克 DN50
spirax sarco dp143,20,,0,,product,
spirax sarco dp163,20,,0,,product,
spirax sarco dp17,20,,0,,product,
spirax sarco dp27,20,,0,,product,
spirax sarco drip leg,20,,0,,category,斯派莎克 集水腿
spirax sarco drip pan elbow,20,,0,,category,斯派莎克 排水盘弯头
spirax sarco durex,20,,0,,category,斯派莎克 Durex
spirax sarco easiheat,20,,0,,product,斯派莎克 EasiHeat
spirax sarco easiheat manual,20,,0,,docs,斯派莎克 EasiHeat 手册
spirax sarco egypt,20,,0,,address,斯派莎克 埃及
spirax sarco el2600,20,,0,,product,
spirax sarco electric condensate pump,20,,0,,category,斯派莎克 电动冷凝水泵
spirax sarco email,20,,0,,contact,斯派莎克 邮箱
spirax sarco employees,20,,0,,contact,斯派莎克 员工
spirax sarco en js1025,20,,0,,product,斯派莎克 EN-JS1025
spirax sarco engineering plc annual report,20,,0,,docs,斯派莎克 工程 PLC 年报
spirax sarco engineering share price,20,,0,,exclude,斯派莎克 工程股价
spirax sarco ep5,20,,0,,product,
spirax sarco ep5 positioner,20,,0,,product,
spirax sarco ep5 positioner manual,20,,0,,product,
spirax sarco ep500,20,,0,,product,
spirax sarco ep500 manual,20,,0,,product,
spirax sarco ep6,20,,0,,product,
spirax sarco esd,20,,0,,,斯派莎克 ESD
spirax sarco españa,20,,0,,address,斯派莎克 西班牙
spirax sarco evc,20,,0,,,斯派莎克 EVC
spirax sarco f&t steam trap,20,,0,,product,
spirax sarco f&t steam traps,20,,0,,product,
spirax sarco f&t trap,20,,0,,product,
spirax sarco fig 36,20,,0,,product,
spirax sarco filter,20,,0,,category,斯派莎克 过滤器
spirax sarco flash tank,20,,0,,category,斯派莎克 闪蒸罐
spirax sarco flash vessel,20,,0,,category,斯派莎克 闪蒸罐
spirax sarco float & thermostatic steam traps,20,,2.86,,category,斯派莎克 浮球式和恒温式蒸汽疏水阀
spirax sarco float trap,20,,0,,category,斯派莎克 浮球式疏水阀
spirax sarco flow meter,20,,3.01,,category,斯派莎克 流量计
spirax sarco france,20,,0,,address,斯派莎克 法国
spirax sarco ft 125,20,,1.93,,product,
spirax sarco ft 15,20,,2.13,,product,
spirax sarco ft 15 capacity,20,,0,,product,
spirax sarco ft 75,20,,0,,product,
spirax sarco ft14 10,20,,2.01,,product,
spirax sarco ft14 installation,20,,0,,product,
spirax sarco ft14 manual,20,,0,,product,
spirax sarco ft14-10,20,,2.01,,product,
spirax sarco ft14hc,20,,2.05,,product,
spirax sarco ft43,20,,0,,product,
spirax sarco ft43 10,20,,0,,product,
spirax sarco ft44,20,,0,,product,
spirax sarco ft450,20,,0,,product,
spirax sarco ft46,20,,0,,product,
spirax sarco ftb 175,20,,0,,product,
spirax sarco fti 125,20,,2.12,,product,
spirax sarco fti 15,20,,0,,product,
spirax sarco g series condensate pump,20,,0,,category,斯派莎克 G 系列冷凝水泵
spirax sarco gate valve,20,,0,,category,斯派莎克 闸阀
spirax sarco ggg40 3,20,,0,,product,
spirax sarco gl51 9nq,20,,0,,product,
spirax sarco glassdoor,20,,0,,,斯派莎克 Glassdoor
spirax sarco globe valve,20,,0,,category,斯派莎克 截止阀
spirax sarco gmbh,20,,0,,address,斯派莎克 GmbH 公司
spirax sarco group,20,,0,,brand,斯派莎克 集团
spirax sarco handbook pdf,20,,0,,docs,斯派莎克 手册 PDF
spirax sarco headquarters,20,,0,,address,斯派莎克 总部
spirax sarco heat exchanger,20,,2.59,,category,斯派莎克 换热器
spirax sarco history,20,,0,,docs,斯派莎克 历史
spirax sarco hl10,20,,0,,product,
spirax sarco hook up book,20,,0,,docs,斯派莎克 配管手册
spirax sarco hook up book pdf,20,,0,,docs,斯派莎克 配管手册 PDF
spirax sarco houston,20,,2.07,,address,斯派莎克 休斯敦
spirax sarco hq,20,,0,,address,斯派莎克总部
spirax sarco humidifiers,20,,0,,category,斯派莎克加湿器
spirax sarco india,20,,0,,address,斯派莎克 印度
spirax sarco india pvt ltd,20,,0,,address,斯派莎克 印度私人有限公司
spirax sarco it,20,,0,,category,斯派莎克 IT
spirax sarco it strainer,20,,0,,category,斯派莎克 IT 过滤器
spirax sarco italia,20,,0,,address,斯派莎克 意大利
spirax sarco jobs,20,,0,,exclude,斯派莎克 招聘
spirax sarco ke73,20,,0,,product,
spirax sarco ke73 ptsuss 2,20,,0,,product,
spirax sarco lcv1,20,,0,,product,斯派莎克 LCV1
spirax sarco learn about steam,20,,0,,docs,斯派莎克 了解蒸汽
spirax sarco lift check valve,20,,0,,category,斯派莎克 升降式止回阀
spirax sarco limited,20,,0,,contact,斯派莎克有限公司
spirax sarco limited uk,20,,0,,contact,斯派莎克 英国有限公司
spirax sarco linkedin,20,,0,,exclude,斯派莎克 领英
spirax sarco liquid drain trap,20,,0,,category,斯派莎克 液体排放疏水阀
spirax sarco locations,20,,0,,address,斯派莎克 网点
spirax sarco login,20,,0,,exclude,斯派莎克 登录
spirax sarco logo png,20,,0,,exclude,
spirax sarco lp20,20,,0,,category,斯派莎克 LP20
spirax sarco lp30,20,,0,,category,斯派莎克 LP30
spirax sarco ltd,20,,0,,brand,
spirax sarco m10s,20,,0,,product,
spirax sarco m10s ball valve,20,,0,,product,
spirax sarco m10s2,20,,0,,product,
spirax sarco manual,20,,0,,docs,斯派莎克 手册
spirax sarco manual pdf,20,,0,,docs,斯派莎克 手册 PDF
spirax sarco market cap,20,,0,,exclude,斯派莎克 市值
spirax sarco mexicana,20,,0,,address,斯派莎克 墨西哥
spirax sarco mexico,20,,0,,address,斯派莎克 墨西哥
spirax sarco mfp14,20,,0,,product,
spirax sarco mixing valve,20,,0,,category,斯派莎克 混合阀
spirax sarco mst21,20,,2.2,,product,
spirax sarco méxico,20,,0,,address,墨西哥
spirax sarco news,20,,0,,category,斯派莎克 新闻
spirax sarco non return valve,20,,0,,category,斯派莎克 止回阀
spirax sarco number of employees,20,,0,,exclude,斯派莎克 员工人数
spirax sarco orifice plate,20,,0,,category,斯派莎克 孔板
spirax sarco part numbers,20,,0,,category,斯派莎克 零件编号
spirax sarco parts,20,,1.47,,category,斯派莎克 零件
spirax sarco pc4000,20,,0,,product,
spirax sarco pdf,20,,0,,docs,斯派莎克 PDF
spirax sarco phone number,20,,0,,contact,斯派莎克 电话号码
spirax sarco pilot operated pressure regulator,20,,0,,category,斯派莎克 先导式压力调节阀
spirax sarco pilot valve,20,,0,,category,斯派莎克 先导阀
spirax sarco pipe sizing calculator,20,,0,,exclude,斯派莎克 管径选型计算器
spirax sarco pivotrol pump,20,,0,,category,斯派莎克 Pivotrol 泵
spirax sarco plc,20,,0,,,斯派莎克 PLC
spirax sarco pn16,20,,0,,category,斯派莎克 PN16
spirax sarco pn16 steam trap,20,,0,,category,斯派莎克 PN16 蒸汽疏水阀
spirax sarco pn25,20,,0,,category,斯派莎克 PN25
spirax sarco pn600 controller manual,20,,0,,category,斯派莎克 PN600 控制器手册
spirax sarco pn9000,20,,0,,category,斯派莎克 PN9000
spirax sarco pn9123e,20,,0,,product,
spirax sarco pneumatic actuator,20,,0,,category,斯派莎克 气动执行器
spirax sarco positioner,20,,0,,category,斯派莎克 定位器
spirax sarco ppec,20,,0,,category,斯派莎克 PPEC
spirax sarco pressure gauge,20,,0,,,斯派莎克 压力表
spirax sarco pressure powered pump ppec,20,,0,,,斯派莎克 压力驱动泵 PPEC
spirax sarco pressure reducing station,20,,0,,category,斯派莎克 减压站
spirax sarco pressure reducing valve 25p,20,,0,,product,斯派莎克 25P 减压阀
spirax sarco pressure reducing valve manual,20,,0,,docs,斯派莎克 减压阀手册
spirax sarco price book,20,,0,,category,斯派莎克 价格手册
spirax sarco price list,20,,0,,category,斯派莎克 价格表
spirax sarco private limited,20,,0,,contact,斯派莎克 私人有限公司
spirax sarco product handbook,20,,0,,docs,斯派莎克 产品手册
spirax sarco prv 25p,20,,0,,product,
spirax sarco ptc,20,,0,,,斯派莎克 PTC
spirax sarco pte ltd,20,,0,,contact,斯派莎克 私人有限公司
spirax sarco pty limited,20,,0,,contact,斯派莎克 有限公司
spirax sarco pty ltd,20,,0,,contact,斯派莎克 有限公司
spirax sarco red book,20,,0,,docs,斯派莎克红皮书
spirax sarco rediheat,20,,0,,,斯派莎克 RediHeat
spirax sarco relief valve,20,,0,,category,斯派莎克 泄压阀
spirax sarco rep,20,,1.8,,contact,斯派莎克 代理商
spirax sarco revenue,20,,0,,exclude,斯派莎克 营收
spirax sarco reviews,20,,0,,exclude,斯派莎克 评价
spirax sarco rta 125,20,,0,,product,
spirax sarco runnings road cheltenham,20,,0,,address,斯派莎克 切尔滕纳姆拉宁斯路
spirax sarco s13,20,,0,,product,
spirax sarco sa,20,,0,,category,
spirax sarco sa121,20,,0,,product,
spirax sarco sa128,20,,0,,product,
spirax sarco safety relief valve,20,,0,,category,
spirax sarco safety valve,20,,0,,category,
spirax sarco salary,20,,0,,exclude,斯派莎克 薪资
spirax sarco sales,20,,0,,contact,斯派莎克 销售
spirax sarco sample cooler,20,,0,,category,斯派莎克 取样冷却器
spirax sarco saturated steam,20,,0,,category,斯派莎克 饱和蒸汽
spirax sarco saturated steam calculator,20,,0,,docs,斯派莎克 饱和蒸汽计算器
spirax sarco sc,20,,0,,address,斯派莎克南卡罗来纳州
spirax sarco sc20,20,,0,,product,
spirax sarco sc20 sample cooler,20,,0,,product,
spirax sarco self acting temperature control valve,20,,0,,category,斯派莎克 自力式温控阀
spirax sarco separator,20,,0,,category,斯派莎克 分离器
spirax sarco share price,20,,0,,exclude,斯派莎克 股价
spirax sarco share price uk,20,,0,,exclude,斯派莎克 英国股价
spirax sarco sight glass,20,,0,,category,斯派莎克 视镜
spirax sarco singapore,20,,0,,address,斯派莎克 新加坡
spirax sarco south carolina,20,,0,,address,斯派莎克 南卡罗来纳州
spirax sarco sp200,20,,0,,product,
spirax sarco sp400,20,,0,,product,
spirax sarco sp400 manual,20,,0,,product,
spirax sarco sp500,20,,0,,product,
spirax sarco sp500 calibration,20,,0,,product,
spirax sarco sp500 manual,20,,0,,product,
spirax sarco sp500 smart positioner,20,,0,,product,
spirax sarco sp7,20,,0,,product,
spirax sarco sp7 10 manual,20,,0,,docs,斯派莎克 SP7-10 手册
spirax sarco spain,20,,0,,address,斯派莎克 西班牙
spirax sarco spare parts,20,,0,,category,斯派莎克 备件
spirax sarco spira trol,20,,0,,category,斯派莎克 Spira-trol 系列
spirax sarco srl,20,,0,,,斯派莎克 SRL 公司
spirax sarco srl official website,20,,0,,,斯派莎克 SRL 官网
spirax sarco srv2s,20,,1.85,,product,
spirax sarco srv6,20,,0,,product,
spirax sarco srv66,20,,0,,product,
spirax sarco ssc20,20,,0,,product,
spirax sarco steam accumulator,20,,0,,category,斯派莎克 蒸汽蓄热器
spirax sarco steam air vent,20,,0,,category,斯派莎克 蒸汽排气阀
spirax sarco steam and condensate loop book pdf,20,,0,,docs,斯派莎克 蒸汽与冷凝水回路手册 PDF
spirax sarco steam book,20,,0,,docs,斯派莎克 蒸汽手册
spirax sarco steam book pdf,20,,0,,docs,斯派莎克 蒸汽手册 PDF
spirax sarco steam calculator,20,,0,,,斯派莎克 蒸汽计算器
spirax sarco steam control valve,20,,1.98,,category,斯派莎克 蒸汽控制阀
spirax sarco steam control valves,20,,1.98,,category,斯派莎克 蒸汽控制阀
spirax sarco steam engineering tutorials,20,,0,,docs,斯派莎克 蒸汽工程教程
spirax sarco steam filter,20,,4.6,,product,斯派莎克 蒸汽过滤器
spirax sarco steam flow meter,20,,0,,category,斯派莎克 蒸汽流量计
spirax sarco steam generator,20,,0,,category,斯派莎克 蒸汽发生器
spirax sarco steam injector,20,,0,,category,斯派莎克 蒸汽喷射器
spirax sarco steam meter,20,,0,,category,斯派莎克 蒸汽流量计
spirax sarco steam moisture separator,20,,0,,category,斯派莎克 蒸汽汽水分离器
spirax sarco steam pipe sizing,20,,0,,docs,斯派莎克 蒸汽管径选型
spirax sarco steam pipe sizing calculator,20,,0,,docs,斯派莎克 蒸汽管径选型计算器
spirax sarco steam pressure reducing station,20,,0,,category,斯派莎克 蒸汽减压站
spirax sarco steam pressure reducing valve,20,,0,,category,斯派莎克 蒸汽减压阀
spirax sarco steam properties,20,,0,,category,斯派莎克 蒸汽性质
spirax sarco steam pump,20,,0,,category,斯派莎克 蒸汽泵
spirax sarco steam regulating valve,20,,0,,category,斯派莎克 蒸汽调节阀
spirax sarco steam regulator adjustment,20,,0,,category,斯派莎克 蒸汽调压阀调节
spirax sarco steam separator,20,,1.94,,category,斯派莎克 蒸汽分离器
spirax sarco steam sparger,20,,0,,category,斯派莎克 蒸汽分布器
spirax sarco steam training,20,,0,,docs,斯派莎克 蒸汽培训
spirax sarco steam trap assembly,20,,0,,category,斯派莎克 蒸汽疏水阀总成
spirax sarco steam trap catalog,20,,0,,category,斯派莎克 蒸汽疏水阀目录
spirax sarco steam trap distributors,20,,2.23,,contact,斯派莎克 蒸汽疏水阀经销商
spirax sarco steam trap ft 15,20,,0,,product,
spirax sarco steam trap installation,20,,0,,docs,斯派莎克 蒸汽疏水阀安装
spirax sarco steam trap installation guide,20,,0,,docs,斯派莎克 蒸汽疏水阀安装指南
spirax sarco steam trap manual,20,,0,,docs,斯派莎克 蒸汽疏水阀手册
spirax sarco steam trap price list,20,,0,,category,斯派莎克 蒸汽疏水阀价格表
spirax sarco steam trap rebuild kits,20,,1.42,,category,斯派莎克 蒸汽疏水阀翻修套件
spirax sarco steam trap selection guide,20,,0,,docs,斯派莎克 蒸汽疏水阀选型指南
spirax sarco steam trap sizing,20,,0,,docs,斯派莎克 蒸汽疏水阀选型
spirax sarco steam trap td52,20,,0,,product,
spirax sarco steam trap tester,20,,0,,category,斯派莎克 蒸汽疏水阀测试仪
spirax sarco steam trap thermodynamic,20,,2.65,,category,斯派莎克 热动力式蒸汽疏水阀
spirax sarco steam trap utd52l,20,,0,,product,
spirax sarco steam traps pdf,20,,0,,docs,斯派莎克 蒸汽疏水阀 PDF
spirax sarco steam valves,20,,0,,category,斯派莎克 蒸汽阀门
spirax sarco steam water mixing valve,20,,0,,category,斯派莎克 蒸汽水混合阀
spirax sarco stock,20,,0,,exclude,斯派莎克 股票
spirax sarco stock price,20,,0,,exclude,斯派莎克 股价
spirax sarco strainer catalog,20,,0,,category,斯派莎克 过滤器目录
spirax sarco strainer fig 34,20,,0,,product,
spirax sarco sts17 2,20,,0,,product,
spirax sarco sts17.2,20,,0,,product,
spirax sarco superheated steam,20,,0,,category,斯派莎克 过热蒸汽
spirax sarco suppliers,20,,0,,contact,斯派莎克 供应商
spirax sarco sv60,20,,0,,product,
spirax sarco sv615,20,,0,,product,
spirax sarco sv615as,20,,0,,product,
spirax sarco sv73,20,,0,,product,
spirax sarco sv74,20,,0,,product,
spirax sarco sx80,20,,0,,product,
spirax sarco sx90,20,,0,,product,
spirax sarco sx90 manual,20,,0,,product,
spirax sarco t250,20,,0,,product,
spirax sarco td120m,20,,0,,product,
spirax sarco td32f,20,,0,,product,
spirax sarco td42,20,,2.28,,product,
spirax sarco td42h,20,,1.12,,product,
spirax sarco td42l,20,,1.57,,product,
spirax sarco td42s2,20,,0,,product,
spirax sarco td52 3 4,20,,0,,product,
spirax sarco td52 steam trap,20,,0,,product,
spirax sarco td52l,20,,0,,product,
spirax sarco td62,20,,0,,product,
spirax sarco td62lm,20,,0,,product,
spirax sarco td62m,20,,0,,product,
spirax sarco tdc46m,20,,0,,product,斯派莎克 TDC46M
spirax sarco training,20,,0,,docs,斯派莎克 培训
spirax sarco trap,20,,1.65,,category,斯派莎克 疏水阀
spirax sarco tss300,20,,0,,product,
spirax sarco tva flowmeter,20,,0,,product,斯派莎克 TVA 流量计
spirax sarco ubp32,20,,0,,product,
spirax sarco uft32,20,,0,,product,
spirax sarco uft32 10,20,,0,,product,斯派莎克 UFT32-10
spirax sarco uk,20,,0,,address,斯派莎克 英国
spirax sarco uk cheltenham,20,,0,,address,斯派莎克 英国切尔滕纳姆
spirax sarco up100,20,,0,,product,
spirax sarco usa headquarters,20,,0,,address,斯派莎克 美国总部
spirax sarco utd30l,20,,0,,product,
spirax sarco utd52l,20,,1.94,,product,
spirax sarco utd52l steam trap,20,,0,,product,
spirax sarco vacuum breaker,20,,3.03,,category,斯派莎克 真空破坏阀
spirax sarco vacuum breaker vb14,20,,0,,product,
spirax sarco valve,20,,2.18,,category,斯派莎克 阀门
spirax sarco valve catalogue,20,,0,,category,斯派莎克 阀门目录
spirax sarco valve sizing,20,,0,,docs,斯派莎克 阀门选型
spirax sarco valves catalogue,20,,0,,category,斯派莎克 阀门目录
spirax sarco valvulas,20,,0,,category,斯派莎克 阀门
spirax sarco vb 14,20,,0,,product,
spirax sarco vb14,20,,1.59,,product,
spirax sarco vb14 vacuum breaker,20,,0,,product,
spirax sarco vb21 vacuum breaker,20,,0,,product,
spirax sarco vent head,20,,0,,category,斯派莎克 通气帽
spirax sarco vortex flow meter,20,,0,,category,斯派莎克 涡街流量计
spirax sarco vs 204,20,,0,,product,
spirax sarco vs 206,20,,0,,product,
spirax sarco vs204,20,,0,,product,
spirax sarco vs206,20,,0,,product,
spirax sarco website,20,,0,,brand,斯派莎克网站
spirax sarco wiki,20,,0,,docs,斯派莎克维基
spirax sarco wikipedia,20,,0,,docs,斯派莎克 维基百科
spirax sarco y strainer,20,,2.14,,category,斯派莎克 Y 型过滤器
spirax sarco y strainer catalog,20,,0,,category,斯派莎克 Y 型过滤器目录
spirax sarco y type strainer,20,,0,,category,斯派莎克 Y 型过滤器
spirax sarco youtube,20,,0,,exclude,斯派莎克 YouTube
srv2s spirax sarco,20,,0,,product,
steam injector spirax sarco,20,,0,,category,蒸汽喷射器 斯派莎克
steam pressure reducing valve spirax sarco,20,,0,,category,蒸汽减压阀 斯派莎克
steam silencer spirax sarco,20,,0,,category,蒸汽消音器 斯派莎克
steam trap selection guide spirax sarco,20,,0,,docs,蒸汽疏水阀选型指南 斯派莎克
steam trap sizing spirax sarco,20,,0,,docs,蒸汽疏水阀选型 斯派莎克
steam trap spirax sarco,20,,1.55,,product,
sts17 2 spirax sarco,20,,0,,product,
sv60 spirax sarco,20,,0,,product,
sv615 spirax sarco,20,,0,,product,
sv74 spirax sarco,20,,0,,product,
sx80 spirax sarco,20,,0,,product,
td62 spirax sarco,20,,0,,product,
trampa de vapor spirax sarco,20,,0,,category,蒸汽疏水阀 斯派莎克
uft32 spirax sarco,20,,0,,product,
valve spirax sarco,20,,2.18,,category,阀门 斯派莎克
valvula spirax sarco,20,,0,,category,阀门 斯派莎克
válvula spirax sarco,20,,0,,category,阀门 斯派莎克
what does spirax sarco do,20,,0,,,斯派莎克是做什么的
13ws spirax sarco,10,,1.47,,product,
a3s spirax sarco,10,,0,,product,
apt 14 spirax sarco,10,,2.06,,product,
automatic pump trap spirax sarco,10,,0,,category,自动泵疏水阀 斯派莎克
bc3150 spirax sarco,10,,0,,product,
bc3250 spirax sarco,10,,0,,product,
bomba de condensado spirax sarco,10,,0,,category,冷凝水泵 斯派莎克
brv73 spirax sarco,10,,0,,product,
bsa2t spirax sarco,10,,0,,product,
catalogo spirax sarco,10,,0,,category,目录 斯派莎克
cotopaxi spirax sarco,10,,0,,address,科托帕希 斯派莎克
dcv41 spirax sarco,10,,0,,product,
design of fluid systems spirax sarco newest editions list,10,,0,,docs,《流体系统设计》斯派莎克最新版目录
dp27s spirax sarco,10,,0,,product,
drip pan elbow spirax sarco,10,,0,,category,排水盘弯头 斯派莎克
eliminador de aire spirax sarco,10,,0,,category,排气阀 斯派莎克
ep500 spirax sarco,10,,0,,product,
ep6 spirax sarco,10,,0,,product,
fig 33 spirax sarco,10,,0,,product,
filtro de vapor spirax sarco,10,,0,,category,蒸汽过滤器 斯派莎克
flash vessel spirax sarco,10,,0,,category,闪蒸罐 斯派莎克
ft14 10 spirax sarco,10,,0,,product,
ft14 4.5 spirax sarco,10,,0,,product,
ft14-10 spirax sarco,10,,0,,product,
ft14hc spirax sarco,10,,0,,product,
ft43 spirax sarco,10,,0,,product,
ft43-10 spirax sarco,10,,0,,product,
ft46 spirax sarco,10,,0,,product,
hiter spirax sarco,10,,0,,,Hiter 斯派莎克
ke73 spirax sarco,10,,0,,product,
lea31 spirax sarco,10,,0,,product,
lrv2s spirax sarco,10,,0,,product,
mark vernon spirax sarco,10,,0,,,马克·弗农 斯派莎克
nimesh patel spirax sarco,10,,0,,,尼梅什·帕特尔 斯派莎克
pf61g-2nc spirax sarco,10,,0,,product,
pivotrol spirax sarco,10,,0,,product,
pn9000 spirax sarco,10,,0,,product,PN9000 斯派莎克
posicionador spirax sarco,10,,0,,category,定位器 斯派莎克
pressure reducing valve spirax sarco,10,,2.54,,category,减压阀 斯派莎克
purgador spirax sarco,10,,0,,category,疏水阀 斯派莎克
saturated steam table spirax sarco,10,,0,,category,饱和蒸汽表 斯派莎克
sc20 spirax sarco,10,,0,,product,
self-acting temperature control valve spirax sarco,10,,0,,category,自力式温控阀 斯派莎克
separador de gotas spirax sarco,10,,0,,category,汽水分离器 斯派莎克
separador de humedad spirax sarco,10,,0,,category,汽水分离器 斯派莎克
separator spirax sarco,10,,0,,category,分离器 斯派莎克
sp400 spirax sarco manual,10,,0,,product,
spirax sarco 13w air vent,10,,0,,product,
spirax sarco 25 p,10,,0,,product,
spirax sarco 25p pdf,10,,0,,docs,
spirax sarco 3 way control valve,10,,0,,category,斯派莎克 三通控制阀
spirax sarco 3 way valve,10,,0,,category,斯派莎克 三通阀
spirax sarco 3d,10,,0,,product,
spirax sarco 66669,10,,0,,product,
spirax sarco 67049,10,,0,,product,
spirax sarco 72969 3,10,,0,,product,斯派莎克 72969 3
spirax sarco a3s,10,,0,,product,
spirax sarco ab,10,,0,,,斯派莎克 AB 公司
spirax sarco ael3e manual,10,,0,,product,
spirax sarco ag,10,,0,,,斯派莎克 AG 公司
spirax sarco air vent av13,10,,0,,product,
spirax sarco annual report 2016,10,,0,,,斯派莎克 2016 年年报
spirax sarco apt 14 manual,10,,0,,product,
spirax sarco as,10,,0,,,斯派莎克 AS 公司
spirax sarco australia,10,,0,,address,斯派莎克 澳大利亚
spirax sarco authorized distributors,10,,0,,contact,斯派莎克 授权经销商
spirax sarco auto air vent,10,,0,,category,斯派莎克 自动排气阀
spirax sarco b series,10,,0,,category,斯派莎克 B 系列
spirax sarco b-1h,10,,0,,product,
spirax sarco b1h-125,10,,0,,product,
spirax sarco b1x,10,,0,,product,
spirax sarco bc3150,10,,0,,product,
spirax sarco bc3150 manual,10,,0,,product,
spirax sarco belgique,10,,0,,address,斯派莎克 比利时
spirax sarco belgium,10,,0,,address,斯派莎克 比利时
spirax sarco bellow seal globe valve,10,,0,,category,斯派莎克 波纹管密封 截止阀
spirax sarco board of directors,10,,0,,exclude,斯派莎克 董事会
spirax sarco brv,10,,0,,category,
spirax sarco bsa,10,,0,,product,
spirax sarco bsa2t,10,,0,,product,
spirax sarco bt1050,10,,0,,product,
spirax sarco bt6-bh,10,,0,,product,
spirax sarco butterfly valve,10,,0,,category,斯派莎克 蝶阀
spirax sarco cad library,10,,0,,docs,斯派莎克 CAD 资料库
spirax sarco calgary,10,,0,,address,斯派莎克 卡尔加里
spirax sarco catalogo,10,,0,,category,斯派莎克 目录
spirax sarco catálogo,10,,0,,category,斯派莎克 目录
spirax sarco cfo,10,,0,,exclude,斯派莎克 首席财务官
spirax sarco charlton house,10,,0,,exclude,斯派莎克 查尔顿大厦
spirax sarco chatellerault,10,,0,,address,斯派莎克 法国 沙泰勒罗
spirax sarco chile,10,,0,,address,斯派莎克 智利
spirax sarco colombia,10,,0,,address,斯派莎克 哥伦比亚
spirax sarco colombia sas,10,,0,,address,斯派莎克 哥伦比亚 SAS 公司
spirax sarco com,10,,0.22,,brand,斯派莎克官网
spirax sarco company profile,10,,0,,brand,斯派莎克 公司简介
spirax sarco compressed air guide,10,,0,,docs,斯派莎克 压缩空气指南
spirax sarco condensate,10,,0,,category,斯派莎克 冷凝水
spirax sarco condensate pump skid,10,,0,,category,斯派莎克 冷凝水泵撬装
spirax sarco control valve sizing,10,,0,,docs,斯派莎克 控制阀选型
spirax sarco control valves,10,,2.49,,category,斯派莎克 控制阀
spirax sarco controller,10,,0,,category,斯派莎克 控制器
spirax sarco core values,10,,0,,docs,斯派莎克 核心价值观
spirax sarco cp10,10,,0,,product,
spirax sarco danmark,10,,0,,address,斯派莎克 丹麦
spirax sarco dbb3,10,,0,,product,
spirax sarco dcv4,10,,0,,product,
spirax sarco deutschland,10,,0,,address,斯派莎克 德国
spirax sarco direct steam injection,10,,0,,category,斯派莎克 直接蒸汽喷射
spirax sarco distributor,10,,2.01,,contact,斯派莎克 经销商
spirax sarco double block and bleed,10,,0,,category,斯派莎克 双切断排放
spirax sarco double block and bleed valve,10,,0,,category,斯派莎克 双切断排放阀
spirax sarco dp27 manual,10,,0,,product,
spirax sarco dp27 pressure reducing valve,10,,0,,product,
spirax sarco dp27s,10,,0,,product,
spirax sarco dp27y,10,,0,,product,
spirax sarco drv7 b,10,,0,,product,
spirax sarco edmonton,10,,0,,address,斯派莎克 加拿大 埃德蒙顿
spirax sarco electric actuator,10,,0,,category,斯派莎克 电动执行器
spirax sarco email address,10,,0,,contact,斯派莎克 电子邮箱地址
spirax sarco en-js1025,10,,0,,product,斯派莎克 EN-JS1025 截止阀
spirax sarco engineering china ltd,10,,0,,brand,斯派莎克工程中国有限公司
spirax sarco engineering plc share price,10,,0,,exclude,斯派莎克 工程 PLC 股价
spirax sarco engineering plc stock,10,,0,,exclude,斯派莎克 工程 PLC 股票
spirax sarco engineering subsidiaries,10,,0,,brand,斯派莎克 工程子公司
spirax sarco ep6 manual,10,,0,,product,
spirax sarco ep6 sls1 a flow adjustment instructions,10,,0,,product,
spirax sarco fig 12,10,,0,,product,
spirax sarco fig 33,10,,0,,product,
spirax sarco flash steam,10,,0,,category,斯派莎克 闪蒸汽
spirax sarco flash steam calculator,10,,0,,docs,斯派莎克 闪蒸汽计算器
spirax sarco float and thermostatic steam trap,10,,0,,category,斯派莎克 浮球式和恒温式蒸汽疏水阀
spirax sarco float trap capacity,10,,0,,docs,斯派莎克 浮球式疏水阀容量
spirax sarco ft 43 10,10,,0,,product,
spirax sarco ft 450 capacity,10,,0,,product,
spirax sarco ft-15 steam trap,10,,0,,product,
spirax sarco ft-75,10,,0,,product,
spirax sarco ft10,10,,0,,product,
spirax sarco ft14 4.5,10,,0,,product,
spirax sarco ft43-10,10,,0,,product,
spirax sarco fti-125,10,,0,,product,
spirax sarco ftse 100,10,,0,,product,
spirax sarco g-series condensate pump,10,,0,,category,斯派莎克 G 系列冷凝水泵
spirax sarco germany,10,,0,,address,斯派莎克 德国
spirax sarco gestra,10,,0,,,斯派莎克 Gestra 品牌
spirax sarco ggg403,10,,0,,product,
spirax sarco global,10,,0,,brand,斯派莎克 全球
spirax sarco global graduate programme,10,,0,,docs,斯派莎克 全球管培生项目
spirax sarco globe valve pdf,10,,0,,docs,斯派莎克 截止阀 PDF
spirax sarco gmbh regelapparate,10,,0,,brand,斯派莎克 GmbH 控制设备公司
spirax sarco graduate programme,10,,0,,docs,斯派莎克 管培生项目
spirax sarco head office,10,,0,,contact,斯派莎克 总部
spirax sarco high pressure sample cooler,10,,0,,category,斯派莎克 高压取样冷却器
spirax sarco hookups,10,,0,,category,斯派莎克 配管连接
spirax sarco india private limited,10,,0,,address,斯派莎克 印度私人有限公司
spirax sarco indonesia,10,,0,,address,斯派莎克 印度尼西亚
spirax sarco industria e comercio ltda,10,,0,,brand,斯派莎克 工业与贸易 有限公司
spirax sarco interview questions,10,,0,,exclude,斯派莎克 面试问题
spirax sarco investors,10,,0,,exclude,斯派莎克 投资者
spirax sarco kb51,10,,0,,product,
spirax sarco ke43,10,,0,,product,
spirax sarco ke73 manual,10,,0,,product,
spirax sarco kondensatableiter,10,,0,,category,斯派莎克 疏水阀
spirax sarco korea,10,,0,,address,韩国
spirax sarco lc1350,10,,0,,product,
spirax sarco lc2650,10,,0,,product,
spirax sarco lc3050,10,,0,,product,
spirax sarco le33,10,,0,,product,
spirax sarco le33 ptsuss 2,10,,0,,product,
spirax sarco lp10-4,10,,0,,product,
spirax sarco ltd cheltenham,10,,0,,product,
spirax sarco ltd uk,10,,0,,brand,斯派莎克英国有限公司
spirax sarco m800,10,,0,,product,
spirax sarco m850,10,,0,,product,
spirax sarco malaysia,10,,0,,address,斯派莎克 马来西亚
spirax sarco manufacturing,10,,0,,brand,斯派莎克 制造
spirax sarco mexicana s.a.p.i. de c.v,10,,0,,address,斯派莎克 墨西哥 股份投资促进有限公司
spirax sarco mexicana sapi de cv,10,,0,,address,斯派莎克 墨西哥 股份投资促进有限公司
spirax sarco mfp14 manual,10,,0,,product,
spirax sarco middle east,10,,0,,address,斯派莎克 中东
spirax sarco moisture separator,10,,1.94,,category,斯派莎克 汽水分离器
spirax sarco monterrey,10,,0,,address,斯派莎克 墨西哥 蒙特雷
spirax sarco mst21 steam trap,10,,0,,product,
spirax sarco nederland,10,,0,,address,斯派莎克 荷兰
spirax sarco new zealand,10,,0,,address,斯派莎克 新西兰
spirax sarco norge,10,,0,,address,斯派莎克 挪威
spirax sarco nova milanese,10,,0,,address,斯派莎克 意大利 诺瓦米拉内塞
spirax sarco nz,10,,0,,address,斯派莎克 新西兰
spirax sarco official website,10,,0,,brand,斯派莎克 官网
spirax sarco ogden pump,10,,0,,category,斯派莎克 奥格登泵
spirax sarco online store,10,,0,,category,斯派莎克 网上商店
spirax sarco pa20,10,,0,,product,
spirax sarco pf61g 2nc,10,,0,,product,
spirax sarco pf61g-2nc,10,,0,,product,
spirax sarco philippines,10,,0,,address,斯派莎克 菲律宾
spirax sarco philippines inc,10,,0,,address,斯派莎克 菲律宾公司
spirax sarco pipe sizing,10,,0,,docs,斯派莎克 管径选型
spirax sarco plate heat exchanger,10,,0,,category,斯派莎克 板式换热器
spirax sarco pn16 ggg40,10,,0,,product,
spirax sarco pn9123e manual,10,,0,,product,
spirax sarco portugal,10,,0,,address,斯派莎克 葡萄牙
spirax sarco pp5,10,,0,,product,
spirax sarco pp5 positioner,10,,0,,product,
spirax sarco pp5 positioner manual,10,,0,,product,
spirax sarco pressure reducing valve catalogue,10,,0,,category,斯派莎克 减压阀目录
spirax sarco pressure reducing valve dp27,10,,0,,product,斯派莎克 DP27 减压阀
spirax sarco product handbook pdf,10,,0,,docs,斯派莎克 产品手册 PDF
spirax sarco products catalogue,10,,0,,category,斯派莎克 产品目录
spirax sarco pump,10,,0,,category,斯派莎克 泵
spirax sarco pump parts,10,,0,,category,斯派莎克 泵零件
spirax sarco purgador,10,,0,,category,斯派莎克 疏水阀
spirax sarco qatar,10,,0,,address,斯派莎克 卡塔尔
spirax sarco reducing valve,10,,2.54,,category,斯派莎克 减压阀
spirax sarco resources,10,,0,,docs,斯派莎克 资源
spirax sarco romania,10,,0,,address,斯派莎克 罗马尼亚
spirax sarco rta-125,10,,0,,product,
spirax sarco runnings road,10,,0,,,斯派莎克 拉宁斯路
spirax sarco s.a,10,,0,,brand,斯派莎克 股份有限公司
spirax sarco s3 steam separator,10,,0,,product,
spirax sarco s5,10,,0,,product,
spirax sarco sac 54531c,10,,0,,product,
spirax sarco sac 66173c,10,,0,,product,
spirax sarco sac 66669,10,,0,,product,
spirax sarco sac 67049,10,,0,,product,
spirax sarco safety valve catalogue,10,,0,,category,斯派莎克 安全阀目录
spirax sarco safety valve sizing,10,,0,,docs,斯派莎克 安全阀选型
spirax sarco sample coolers,10,,0,,category,斯派莎克 取样冷却器
spirax sarco sas,10,,0,,,斯派莎克 SAS 公司
spirax sarco schweiz,10,,0,,category,斯派莎克 瑞士
spirax sarco sdn bhd,10,,0,,category,斯派莎克 有限公司
spirax sarco self-acting temperature control valve,10,,0,,category,斯派莎克 自力式温控阀
spirax sarco share,10,,0,,exclude,斯派莎克股票
spirax sarco share price chart,10,,0,,exclude,斯派莎克 股价走势图
spirax sarco share price history,10,,0,,exclude,斯派莎克 股价历史
spirax sarco shares,10,,0,,exclude,斯派莎克 股票
spirax sarco sizing suite,10,,0,,docs,斯派莎克 选型软件套件
spirax sarco software,10,,0,,docs,斯派莎克 软件
spirax sarco south africa,10,,0,,address,斯派莎克 南非
spirax sarco sp400 calibration,10,,0,,product,
spirax sarco sp400 smart positioner,10,,0,,product,
spirax sarco sp400 user manual,10,,0,,product,
spirax sarco sp500 positioner,10,,0,,product,
spirax sarco sp500 positioner manual,10,,0,,product,
spirax sarco sp500 troubleshooting,10,,0,,product,
spirax sarco sp7-10,10,,0,,product,
spirax sarco sp7-10 manual,10,,0,,product,
spirax sarco sp7-10 wiring diagram,10,,0,,product,
spirax sarco steam and condensate loop book,10,,0,,docs,斯派莎克 蒸汽与冷凝水回路手册
spirax sarco steam condensate pump,10,,1.91,,category,斯派莎克 蒸汽冷凝水泵
spirax sarco steam handbook pdf,10,,0,,docs,
spirax sarco steam humidifier,10,,0,,category,斯派莎克 蒸汽加湿器
spirax sarco steam pressure relief valve,10,,0,,category,斯派莎克 蒸汽泄压阀
spirax sarco steam regulator troubleshooting,10,,0,,docs,斯派莎克 蒸汽调压阀故障排查
spirax sarco steam system design,10,,0,,docs,斯派莎克 蒸汽系统设计
spirax sarco steam table calculator,10,,0,,docs,斯派莎克 蒸汽表计算器
spirax sarco steam tables pdf,10,,0,,docs,
spirax sarco steam trap 1 2,10,,0,,category,斯派莎克 1/2 英寸蒸汽疏水阀
spirax sarco steam trap 1/2,10,,0,,category,斯派莎克 1/2 英寸蒸汽疏水阀
spirax sarco steam trap maintenance,10,,0,,docs,斯派莎克 蒸汽疏水阀维护
spirax sarco steam trap monitoring,10,,0,,docs,斯派莎克 蒸汽疏水阀监测
spirax sarco steam traps ft-15,10,,0,,product,
spirax sarco steam traps parts,10,,0,,category,斯派莎克 蒸汽疏水阀零件
spirax sarco steam traps td52,10,,0,,product,斯派莎克 TD52 蒸汽疏水阀
spirax sarco steam tutorials,10,,0,,docs,斯派莎克 蒸汽教程
spirax sarco steam valve,10,,0,,category,斯派莎克 蒸汽阀
spirax sarco steam water mixing station,10,,0,,category,斯派莎克 蒸汽水混合站
spirax sarco strainers,10,,0,,category,斯派莎克 过滤器
spirax sarco subsidiaries,10,,0,,contact,斯派莎克 子公司
spirax sarco superheated steam calculator,10,,0,,docs,斯派莎克 过热蒸汽计算器
spirax sarco supplier,10,,0,,contact,斯派莎克 供应商
spirax sarco sustainability,10,,0,,category,斯派莎克 可持续发展
spirax sarco sverige,10,,0,,address,斯派莎克 瑞典
spirax sarco sweden,10,,0,,address,斯派莎克 瑞典
spirax sarco switzerland,10,,0,,address,斯派莎克 瑞士
spirax sarco sx80 manual,10,,0,,product,
spirax sarco td42l steam trap,10,,0,,product,
spirax sarco temperature controller,10,,0,,category,斯派莎克 温度控制器
spirax sarco thailand,10,,0,,address,斯派莎克 泰国
spirax sarco training courses,10,,0,,docs,斯派莎克 培训课程
spirax sarco tutorial,10,,0,,docs,斯派莎克 教程
spirax sarco tutorials,10,,0,,docs,斯派莎克 教程
spirax sarco tva,10,,0,,product,斯派莎克 TVA
spirax sarco tva flow meter,10,,0,,product,斯派莎克 TVA 流量计
spirax sarco uae,10,,0,,address,斯派莎克 阿联酋
spirax sarco uft32-10,10,,0,,product,
spirax sarco uk address,10,,0,,contact,斯派莎克 英国地址
spirax sarco utm10,10,,0,,product,
spirax sarco valves steam,10,,0,,category,斯派莎克 蒸汽阀门
spirax sarco valvole,10,,0,,category,斯派莎克 阀门
spirax sarco valvula reguladora de vapor,10,,0,,category,斯派莎克 蒸汽调节阀
spirax sarco vietnam,10,,0,,address,斯派莎克 越南
spirax sarco vs-204,10,,0,,product,
spirax sarco vulcanic,10,,0,,,斯派莎克 Vulcanic 品牌
spirax sarco water trap,10,,0,,category,斯派莎克 水封
spirax sarco webinars,10,,0,,exclude,斯派莎克 网络研讨会
spirax sarco y strainer fig 34,10,,0,,product,
spirax sarco y strainer stainless,10,,0,,category,斯派莎克 不锈钢 Y 型过滤器
spirax sarco zoominfo,10,,0,,,斯派莎克 ZoomInfo 网站
srv66 spirax sarco,10,,0,,product,
steam control valve spirax sarco,10,,0,,category,蒸汽控制阀 斯派莎克
steam flow meter spirax sarco,10,,0,,category,蒸汽流量计 斯派莎克
steam regulator spirax sarco,10,,1.72,,category,蒸汽调压阀 斯派莎克
steam separator spirax sarco,10,,1.94,,category,蒸汽分离器 斯派莎克
steam sparger spirax sarco,10,,0,,category,蒸汽分布器 斯派莎克
steam table spirax sarco,10,,3.05,,category,蒸汽表 斯派莎克
steam trap spirax sarco pdf,10,,0,,docs,蒸汽疏水阀 PDF 斯派莎克
sv73 spirax sarco,10,,0,,product,
sx90 spirax sarco,10,,0,,product,
tablas de vapor spirax sarco,10,,0,,category,蒸汽表 斯派莎克
td120 spirax sarco,10,,0,,product,
td42 spirax sarco,10,,2.28,,product,
td42h spirax sarco,10,,1.12,,product,
tdc46m spirax sarco,10,,0,,product,
tds52 spirax sarco,10,,0,,product,
trampa de vapor tipo flotador spirax sarco,10,,0,,category,浮球式蒸汽疏水阀 斯派莎克
trampa termostatica spirax sarco,10,,0,,category,恒温式疏水阀 斯派莎克
trampas de vapor spirax sarco,10,,0,,category,蒸汽疏水阀 斯派莎克
trampas de vapor spirax sarco pdf,10,,0,,docs,蒸汽疏水阀 PDF 斯派莎克
trampas termodinamicas spirax sarco,10,,0,,category,热动力式疏水阀 斯派莎克
turflow spirax sarco,10,,0,,category,Turflow 斯派莎克
valvulas de vapor spirax sarco,10,,0,,category,蒸汽阀门 斯派莎克
vanne spirax sarco,10,,0,,category,阀门 斯派莎克
vulcanic spirax sarco,10,,0,,category,Vulcanic 斯派莎克
válvula reguladora de presión de vapor spirax sarco 25p,10,,0,,product,斯派莎克 25P 蒸汽减压阀
válvula reguladora de vapor spirax sarco,10,,0,,category,蒸汽调节阀 斯派莎克
watson marlow spirax sarco,10,,0,,,沃森马洛 品牌
1 spirax sarco ft46-10,0,,0,,,
11 2 x 21 2 spirax sarco pressure relief valve,0,,0,,,
13w 3 4in spirax sarco,0,,0,,,
2 inch spirax sarco steam traps,0,,0,,,
250 spirax sarco,0,,0,,,
25p spirax sarco,0,,2.02,,,
25p spirax sarco 6,0,,0,,,
25p spirax sarco im,0,,0,,,
25p spirax sarco pdf,0,,0,,,
25p spirax sarco us ti,0,,0,,,
25pa spirax sarco,0,,0,,,
25pe spirax sarco,0,,0,,,
25pt spirax sarco,0,,0,,,
25t spirax sarco us ti,0,,0,,,
50928 spirax sarco,0,,0,,,
511s spirax sarco,0,,0,,,
55223 spirax sarco,0,,0,,,
55224 spirax sarco regulator,0,,0,,,
570 spirax sarco,0,,0,,,
69956 spirax sarco pump,0,,0,,,
a spirax sarco engineering company,0,,0,,,
abv 40 spirax sarco,0,,0,,,
adjustment spring blue t15 3.027 spirax sarco,0,,0,,,
adjustment spring blue t15 3.027 spirax sarco 25pt,0,,0,,,
ae30 spirax sarco,0,,0,,,
ae36a spirax sarco,0,,0,,,
ae50s spirax sarco,0,,0,,,
ael5 spirax sarco,0,,0,,,
ael7 spirax sarco manual,0,,0,,,
agen spirax sarco indonesia,0,,0,,,
air eliminator valve spirax sarco ae36,0,,0,,,
air eliminators spirax sarco,0,,0,,,
air vent spirax sarco,0,,1.59,,,
alamat spirax sarco indonesia,0,,0,,,
anytime spirax sarco,0,,0,,,
apt 14 spirax sarco price,0,,0,,,
apt14 spirax sarco,0,,1.82,,,
armstrong steam traps spirax sarco,0,,0,,,
assessment centre spirax sarco,0,,0,,,
atemperadores spirax sarco,0,,0,,,
automatic pump mfp14 with check valves dcv4 waffer spirax sarco,0,,0,,,
av 713 spirax sarco,0,,0,,,
av13 spirax sarco,0,,0,,,
average bonus in the uk spirax sarco,0,,0,,,
b3-250 spirax sarco trap 1,0,,0,,,
b850 spirax sarco,0,,0,,,
ball float steam trap spirax sarco pdf,0,,0,,,
ball valve 3d model spirax sarco,0,,0,,,
ball valve spirax sarco indonesia,0,,0,,,
bc 3210 spirax sarco,0,,0,,,
bellows sealed valve spirax sarco,0,,0,,,
ben frisby spirax sarco,0,,0,,,
bill harms spirax sarco,0,,0,,,
bimetallic steam trap spirax sarco,0,,0,,,
blowdown heat recovery spirax sarco,0,,0,,,
blowdown tank spirax sarco,0,,0,,,
blowdown valve spirax sarco,0,,0,,,
blowdown vessel spirax sarco,0,,0,,,
boiler steam take off spirax sarco,0,,0,,,
bomba de condensado spirax sarco ptc,0,,0,,,
bpm2il steam trap spirax sarco,0,,0,,,
bpw32 spirax sarco,0,,0,,,
brian mccarthy spirax sarco,0,,0,,,
brv spirax sarco,0,,0,,,
brv2s spirax sarco,0,,2.37,,,
bsa spirax sarco,0,,0,,,
bsa1t spirax sarco,0,,0,,,
btd52l spirax sarco,0,,0,,,
bva 300 spirax sarco,0,,0,,,
ca 44 spirax sarco,0,,0,,,
ca14 spirax sarco,0,,0,,,
calculo de tuberias de vapor spirax sarco,0,,0,,,
calderas spirax sarco,0,,0,,,
cara pemasangan steam trap berdasarkan name plate spirax sarco,0,,0,,,
career at spirax sarco,0,,0,,,
cast iron strainer spirax sarco ti,0,,0,,,
cast iron strainer spirax sarco usti,0,,0,,,
catalogo spirax sarco pdf,0,,0,,,
catalogue spirax sarco pdf,0,,0,,,
catálogo spirax sarco pdf,0,,0,,,
check valve spirax sarco,0,,2.31,,,
check valve spirax sarco dcv4 ss,0,,0,,,
cheltenham spirax sarco,0,,0,,,
chip stokes spirax sarco,0,,0,,,
chromalox uk ltd a spirax sarco group,0,,0,,,
ci-125 spirax sarco,0,,0,,,
clapet anti retour vapeur spirax sarco,0,,0,,,
clean and pure steam systems biopharmaceutical industry spirax sarco,0,,0,,,
compressed air drain trap spirax sarco,0,,0,,,
condensate contamination detection system spirax sarco,0,,0,,,
condensate line sizing spirax sarco,0,,0,,,
condensate pump spirax sarco,0,,2.53,,,
condensate recovery unit spirax sarco,0,,0,,,
condenspot spirax sarco,0,,0,,,
control valve characteristics spirax sarco,0,,0,,,
control valve sizing spirax sarco,0,,0,,,
control valve spirax sarco,0,,2.49,,,
controlador de proceso sx80 spirax sarco,0,,0,,,
cost spirax sarco steam traps,0,,0,,,
cp32 spirax sarco,0,,0,,,
csf16 spirax sarco im,0,,0,,,
cubeta invertida spirax sarco,0,,0,,,
cuit spirax sarco,0,,0,,,
curso de vapor spirax sarco pdf,0,,0,,,
cursos spirax sarco 2015 mexico,0,,0,,,
cálculo de tuberías de vapor spirax sarco,0,,0,,,
d16 spirax sarco,0,,0,,,
d16 spirax sarco ft1-125,0,,0,,,
dan harvey spirax sarco,0,,0,,,
danny kingston spirax sarco,0,,0,,,
dawn dukes spirax sarco,0,,0,,,
dbb3 spirax sarco,0,,0,,,
dcv3 spirax sarco,0,,0,,,
deaerator principle spirax sarco,0,,0,,,
dean stephens spirax sarco,0,,0,,,
desaireador spirax sarco,0,,0,,,
design of fluid systems spirax sarco pdf,0,,0,,,
desuperheater spirax sarco,0,,0,,,
digital cycle counter spirax sarco,0,,0,,,
direct steam injection spirax sarco,0,,0,,,
disc check valve spirax sarco,0,,0,,,
distribución de vapor spirax sarco pdf,0,,0,,,
distribuidor spirax sarco,0,,0,,,
distribuidor spirax sarco mexico,0,,0,,,
distribuidores spirax sarco brasil,0,,0,,,
distribuidores spirax sarco colombia,0,,0,,,
distribuidores spirax sarco mexico,0,,0,,,
distributor spirax sarco indonesia,0,,0,,,
dn25 spirax sarco,0,,0,,,
don harrison spirax sarco,0,,0,,,
dp17 spirax sarco,0,,0,,,
dp25 spirax sarco,0,,0,,,
dp27 spirax sarco,0,,0,,,
dp27 spirax sarco im,0,,0,,,
dp27 spirax sarco ti,0,,0,,,
drain pan elbow spirax sarco,0,,0,,,
drv 4 b spirax sarco,0,,0,,,
drv 4-b spirax sarco,0,,0,,,
drv 4b spirax sarco,0,,0,,,
dts-300 spirax sarco,0,,0,,,
durex spirax sarco,0,,0,,,
détendeur vapeur spirax sarco,0,,0,,,
easiheat spirax sarco,0,,0,,,
easiheat spirax sarco pdf,0,,0,,,
el libro del vapor spirax sarco pdf,0,,0,,,
eliminador de ar spirax sarco,0,,0,,,
email address for spirax sarco customer assistance,0,,0,,,
emco flow systems spirax sarco,0,,0,,,
emco spirax sarco,0,,0,,,
esp portal spirax sarco,0,,0,,,
fig 36 spirax sarco,0,,0,,,
fig 37 spirax sarco,0,,0,,,
fig 3716 spirax sarco,0,,0,,,
filter tipe y spirax sarco,0,,0,,,
filtro csf16 spirax sarco,0,,0,,,
filtro culinario para vapor spirax sarco,0,,0,,,
filtro culinario spirax sarco,0,,0,,,
filtro spirax sarco,0,,0,,,
filtro spirax sarco modelo it,0,,0,,,
filtro tipo y spirax sarco,0,,0,,,
filtro y spirax sarco,0,,0,,,
filtro y spirax sarco 4,0,,0,,,
filtro y spirax sarco acero al carbon,0,,0,,,
filtro y spirax sarco acero inoxidable,0,,0,,,
filtro y spirax sarco fig 34,0,,0,,,
filtro y spirax sarco modelo it,0,,0,,,
filtro y spirax sarco pdf,0,,0,,,
filtro y spirax sarco precio,0,,0,,,
filtro y vapor spirax sarco,0,,0,,,
finding condensate precentage based on tds spirax sarco,0,,0,,,
fire tube boiler spirax sarco,0,,0,,,
float and thermostatic steam trap spirax sarco,0,,0,,,
float steam trap spirax sarco,0,,0,,,
float trap spirax sarco,0,,0,,,
float type steam trap spirax sarco,0,,0,,,
frank richardson spirax sarco,0,,0,,,
free float steam trap spirax sarco,0,,0,,,
ft 14 spirax sarco,0,,2.39,,,
ft 15 spirax sarco,0,,0,,,
ft-30 spirax sarco,0,,0,,,
ft125 spirax sarco,0,,0,,,
ft14 spirax sarco,0,,2.39,,,
ft14 spirax sarco pdf,0,,0,,,
ft14 spirax sarco ti,0,,0,,,
ft14-10tv spirax sarco,0,,0,,,
ft14-14 spirax sarco,0,,0,,,
ft1410 spirax sarco,0,,0,,,
ft1414 spirax sarco,0,,0,,,
ft14hc-10 spirax sarco,0,,0,,,
ft4310 spirax sarco,0,,0,,,
ft75 spirax sarco,0,,0,,,
ftb spirax sarco,0,,0,,,
ftb-125 spirax sarco,0,,0,,,
ftb-200 spirax sarco,0,,0,,,
ftgs14 spirax sarco,0,,0,,,
fti 200 spirax sarco,0,,0,,,
gaji spirax sarco indonesia,0,,0,,,
gate valve spirax sarco,0,,0,,,
gem sapphire steam trap spirax sarco,0,,0,,,
gestra ag spirax sarco,0,,0,,,
global graduate development programme spirax sarco engineering,0,,0,,,
global graduate development programme spirax sarco engineering salary,0,,0,,,
globe valve spirax sarco,0,,0,,,
grundlagen der dampf und kondensattechnologie spirax sarco,0,,0,,,
how does a spirax sarco steam trap work,0,,0,,,
how does the spirax sarco automatic pump trap work,0,,0,,,
how to adjust a spirax sarco 25p,0,,0,,,
hydraulic safety valve spirax sarco pdf,0,,0,,,
hygromatik spirax sarco inc,0,,0,,,
ift14 spirax sarco,0,,0,,,
indeed spirax sarco,0,,0,,,
instalation instructions for spirax sarco d series noise diffuser,0,,0,,,
inverted bucket trap spirax sarco,0,,0,,,
isp5 spirax sarco,0,,0,,,
it strainer spirax sarco,0,,0,,,
jamie pike spirax sarco,0,,0,,,
jane kingston spirax sarco,0,,0,,,
jeremy butterfield spirax sarco,0,,0,,,
jim devine spirax sarco,0,,0,,,
karin gregory spirax sarco,0,,0,,,
ke43 spirax sarco,0,,0,,,
kerry gibson spirax sarco,0,,0,,,
kris brown spirax sarco,0,,0,,,
kris brown spirax sarco email address,0,,0,,,
lc 2500 spirax sarco,0,,0,,,
lc 3000 spirax sarco,0,,0,,,
lc1000 spirax sarco,0,,0,,,
lc3050 spirax sarco,0,,0,,,
lcs3050 spirax sarco,0,,0,,,
lcv2 spirax sarco,0,,0,,,
le33 spirax sarco,0,,0,,,
lea 31 spirax sarco,0,,0,,,
lindsey hudson spirax sarco,0,,0,,,
liquid drain trap spirax sarco,0,,0,,,
listino prezzi spirax sarco,0,,0,,,
listino spirax sarco,0,,0,,,
london stock exchange spirax sarco,0,,0,,,
lowongan spirax sarco indonesia,0,,0,,,
lp10 4 spirax sarco,0,,0,,,
lp20 spirax sarco,0,,0,,,
lp21 spirax sarco,0,,0,,,
lp30 spirax sarco,0,,0,,,
m s spirax sarco,0,,0,,,
m10 spirax sarco,0,,0,,,
m10s2 spirax sarco valve size 3 8 npt,0,,0,,,
m10ti iso spirax sarco,0,,0,,,
m70i spirax sarco,0,,0,,,
manometro spirax sarco,0,,0,,,
manual de vapor spirax sarco,0,,0,,,
manual spirax sarco pdf,0,,0,,,
mechanical steam trap spirax sarco,0,,0,,,
medidor de vazão de vapor spirax sarco,0,,0,,,
mesothelioma spirax sarco inc,0,,0,,,
mfp14s spirax sarco,0,,0,,,
new 1.5 inch spirax sarco steam reducing regulator 1.5 inch,0,,0,,,
new spirax sarco steam reducing regulator 1.5 inch,0,,0,,,
nicholas anderson spirax sarco,0,,0,,,
nick anderson spirax sarco,0,,0,,,
nick willetts spirax sarco,0,,0,,,
opp spirax sarco cheltenham,0,,0,,,
pa420 spirax sarco,0,,0,,,
pc4000 spirax sarco,0,,0,,,
pf61g 2nc spirax sarco,0,,0,,,
pf61g2nc spirax sarco,0,,0,,,
phone number for spirax sarco in sc,0,,0,,,
pid control spirax sarco,0,,0,,,
piston valve spirax sarco,0,,0,,,
pn3000 spirax sarco,0,,0,,,
pn9000 spirax sarco us ti,0,,0,,,
pn9100 spirax sarco,0,,0,,,
pn9123e spirax sarco,0,,0,,,
posicionador spirax sarco ep5,0,,0,,,
pressure reducing station spirax sarco,0,,0,,,
pressure reducing valve spirax sarco 25p,0,,0,,,
pressure reducing valve steam spirax sarco,0,,0,,,
product handbook spirax sarco,0,,0,,,
produits spirax sarco france,0,,0,,,
prv spirax sarco dp 27,0,,0,,,
pt spirax sarco indonesia adalah,0,,0,,,
pt. spirax sarco indonesia,0,,0,,,
pt100 spirax sarco,0,,0,,,
ptc spirax sarco imi,0,,0,,,
ptf pivotrol spirax sarco us ti,0,,0,,,
ptf4 spirax sarco,0,,0,,,
purgador de boia spirax sarco,0,,0,,,
purgador de boya spirax sarco,0,,0,,,
purgador spirax sarco td52,0,,0,,,
purgador termodinâmico spirax sarco,0,,0,,,
purgador tipo boia spirax sarco,0,,0,,,
purgadores spirax sarco,0,,0,,,
purgeur a flotteur spirax sarco,0,,0,,,
purgeur condensat vapeur spirax sarco,0,,0,,,
purgeur thermodynamique spirax sarco,0,,0,,,
rediheat spirax sarco,0,,0,,,
regulador de presion de vapor spirax sarco,0,,0,,,
representante spirax sarco colombia,0,,0,,,
representantes spirax sarco brasil,0,,0,,,
revit files of spirax sarco moisture separator,0,,0,,,
revit spirax sarco,0,,0,,,
riduttore di pressione vapore spirax sarco,0,,0,,,
rim 10 spirax sarco,0,,0,,,
rob king spirax sarco,0,,0,,,
rob larner spirax sarco,0,,0,,,
rob stanley spirax sarco,0,,0,,,
ron smith spirax sarco,0,,0,,,
rta 125 spirax sarco,0,,0,,,
sa128 spirax sarco,0,,0,,,
safety valve installation spirax sarco,0,,0,,,
safety valve spirax sarco,0,,0,,,
sanitary relief valves spirax sarco,0,,0,,,
saturarion temperature spirax sarco,0,,0,,,
saturated steam properties spirax sarco,0,,0,,,
saturated steam spirax sarco,0,,0,,,
saturated steam table pdf spirax sarco,0,,0,,,
scanner 2000 spirax sarco,0,,0,,,
scaricatore di condensa spirax sarco,0,,0,,,
sean clay spirax sarco,0,,0,,,
self acting temperature control valve spirax sarco,0,,0,,,
selfacting temperature control valve spirax sarco,0,,0,,,
separador de vapor spirax sarco,0,,0,,,
shares spirax sarco,0,,0,,,
sheldon banks spirax sarco,0,,0,,,
sight glass spirax sarco,0,,0,,,
simon sprackling spirax sarco,0,,0,,,
snap spirax sarco,0,,0,,,
soupape spirax sarco sv60,0,,0,,,
sp400 spirax sarco,0,,0,,,
sp7-10 spirax sarco,0,,0,,,
sp710 spirax sarco,0,,0,,,
spirax sarco &amp,0,,0,,,
spirax sarco 0190100,0,,0,,,
spirax sarco 0190192,0,,0,,,
spirax sarco 0459390,0,,0,,,
spirax sarco 0459490,0,,0,,,
spirax sarco 1 2,0,,0,,,
spirax sarco 1 2 safety valve,0,,0,,,
spirax sarco 1 2 safety valve 58psi,0,,0,,,
spirax sarco 1 2 strainer,0,,0,,,
spirax sarco 1 2 td42h,0,,0,,,
spirax sarco 1.25 25 temperature control valve,0,,0,,,
spirax sarco 1/2 td-52,0,,0,,,
spirax sarco 1010241475,0,,0,,,
spirax sarco 10k,0,,0,,,
spirax sarco 1150 northpoint blvd,0,,0,,,
spirax sarco 121,0,,0,,,
spirax sarco 125 yf,0,,0,,,
spirax sarco 1278187,0,,0,,,
spirax sarco 13 ws,0,,0,,,
spirax sarco 13w bf2,0,,0,,,
spirax sarco 1650,0,,0,,,
spirax sarco 1650 manual,0,,0,,,
spirax sarco 1673c4,0,,0,,,
spirax sarco 173273,0,,0,,,
spirax sarco 17619,0,,0,,,
spirax sarco 1851490,0,,0,,,
spirax sarco 1ct,0,,0,,,
spirax sarco 2 steam trap,0,,0,,,
spirax sarco 2016 results,0,,0,,,
spirax sarco 2017 annual report,0,,0,,,
spirax sarco 25 bp,0,,0,,,
spirax sarco 25 mp,0,,0,,,
spirax sarco 25 mt,0,,0,,,
spirax sarco 25 p pdf,0,,0,,,
spirax sarco 25 pa,0,,0,,,
spirax sarco 25 prv,0,,0,,,
spirax sarco 25 prv pressure reducing valve,0,,0,,,
spirax sarco 25 prv pressure reducing valve operation,0,,0,,,
spirax sarco 25 pt,0,,0,,,
spirax sarco 25 pte,0,,0,,,
spirax sarco 25 series main valve,0,,0,,,
spirax sarco 25 series pressure,0,,0,,,
spirax sarco 25 series regulator manual,0,,0,,,
spirax sarco 250,0,,0,,,
spirax sarco 250 strainer,0,,0,,,
spirax sarco 25bp,0,,0,,,
spirax sarco 25bp as a pressure reducing valve,0,,0,,,
spirax sarco 25e,0,,0,,,
spirax sarco 25mp,0,,0,,,
spirax sarco 25mt,0,,0,,,
spirax sarco 25p 2,0,,0,,,
spirax sarco 25p 6,0,,0,,,
spirax sarco 25p body,0,,0,,,
spirax sarco 25p cad,0,,0,,,
spirax sarco 25p capacity chart,0,,0,,,
spirax sarco 25p cast iron,0,,0,,,
spirax sarco 25p cv,0,,0,,,
spirax sarco 25p ficha técnica,0,,0,,,
spirax sarco 25p imi,0,,0,,,
spirax sarco 25p maintenance,0,,0,,,
spirax sarco 25p mantenimiento,0,,0,,,
spirax sarco 25p manual pdf,0,,0,,,
spirax sarco 25p operation manual,0,,0,,,
spirax sarco 25p parts,0,,0,,,
spirax sarco 25p pilot rebuild kit,0,,0,,,
spirax sarco 25p pressure reducing pilot operator,0,,0,,,
spirax sarco 25p price,0,,0,,,
spirax sarco 25p prv,0,,0,,,
spirax sarco 25p spare parts,0,,0,,,
spirax sarco 25p spring color,0,,0,,,
spirax sarco 25p steam regulator,0,,0,,,
spirax sarco 25p submittal,0,,0,,,
spirax sarco 25p troubleshooting,0,,0,,,
spirax sarco 25p valve,0,,0,,,
spirax sarco 25pa,0,,0,,,
spirax sarco 25pe,0,,0,,,
spirax sarco 25pt,0,,0,,,
spirax sarco 25pt 55225,0,,0,,,
spirax sarco 25s,0,,0,,,
spirax sarco 25t pilot,0,,0,,,
spirax sarco 25te,0,,0,,,
spirax sarco 28410-0125,0,,0,,,
spirax sarco 2v8-31107,0,,0,,,
spirax sarco 3 4 ft-75,0,,0,,,
spirax sarco 3 8 td52,0,,0,,,
spirax sarco 3 port valve,0,,0,,,
spirax sarco 3 way ball valve,0,,0,,,
spirax sarco 3320,0,,0,,,
spirax sarco 34hp,0,,0,,,
spirax sarco 3764004,0,,0,,,
spirax sarco 3d cad library,0,,0,,,
spirax sarco 4028195,0,,0,,,
spirax sarco 446,0,,0,,,
spirax sarco 46390 steam,0,,0,,,
spirax sarco 4700594,0,,0,,,
spirax sarco 47700 a,0,,0,,,
spirax sarco 47700-a,0,,0,,,
spirax sarco 50926,0,,0,,,
spirax sarco 50927,0,,0,,,
spirax sarco 50930,0,,0,,,
spirax sarco 50932,0,,0,,,
spirax sarco 50933,0,,0,,,
spirax sarco 52,0,,0,,,
spirax sarco 52043b,0,,0,,,
spirax sarco 52082,0,,0,,,
spirax sarco 54697,0,,0,,,
spirax sarco 54844,0,,0,,,
spirax sarco 55222,0,,0,,,
spirax sarco 55225,0,,0,,,
spirax sarco 55447,0,,0,,,
spirax sarco 55475,0,,0,,,
spirax sarco 560dcma,0,,0,,,
spirax sarco 56643,0,,0,,,
spirax sarco 570,0,,0,,,
spirax sarco 570 hj,0,,0,,,
spirax sarco 570 jl,0,,0,,,
spirax sarco 570-gg,0,,0,,,
spirax sarco 57059,0,,0,,,
spirax sarco 57060,0,,0,,,
spirax sarco 57062,0,,0,,,
spirax sarco 57063,0,,0,,,
spirax sarco 57065,0,,0,,,
spirax sarco 57168,0,,0,,,
spirax sarco 58114,0,,0,,,
spirax sarco 58173,0,,0,,,
spirax sarco 58177,0,,0,,,
spirax sarco 59083,0,,0,,,
spirax sarco 59179 a,0,,0,,,
spirax sarco 59514,0,,0,,,
spirax sarco 59608,0,,0,,,
spirax sarco 600 series,0,,0,,,
spirax sarco 60311,0,,0,,,
spirax sarco 60312,0,,0,,,
spirax sarco 60315,0,,0,,,
spirax sarco 6120362,0,,0,,,
spirax sarco 6120390,0,,0,,,
spirax sarco 61292,0,,0,,,
spirax sarco 61467,0,,0,,,
spirax sarco 61468,0,,0,,,
spirax sarco 61966,0,,0,,,
spirax sarco 62094,0,,0,,,
spirax sarco 62652,0,,0,,,
spirax sarco 62800,0,,0,,,
spirax sarco 63011,0,,0,,,
spirax sarco 63629,0,,0,,,
spirax sarco 64150,0,,0,,,
spirax sarco 64162,0,,0,,,
spirax sarco 64168,0,,0,,,
spirax sarco 66118,0,,0,,,
spirax sarco 66118a,0,,0,,,
spirax sarco 66130a,0,,0,,,
spirax sarco 66160,0,,0,,,
spirax sarco 66173c,0,,0,,,
spirax sarco 66670,0,,0,,,
spirax sarco 66671,0,,0,,,
spirax sarco 66672,0,,0,,,
spirax sarco 67236,0,,0,,,
spirax sarco 67908,0,,0,,,
spirax sarco 67978,0,,0,,,
spirax sarco 67986,0,,0,,,
spirax sarco 68525,0,,0,,,
spirax sarco 68530,0,,0,,,
spirax sarco 685302,0,,0,,,
spirax sarco 68531,0,,0,,,
spirax sarco 68568c,0,,0,,,
spirax sarco 6a,0,,0,,,
spirax sarco 6a air vent,0,,0,,,
spirax sarco 70611,0,,0,,,
spirax sarco 70870,0,,0,,,
spirax sarco 71429,0,,0,,,
spirax sarco 72117,0,,0,,,
spirax sarco 72147,0,,0,,,
spirax sarco 72962.3 amazon com,0,,0,,,
spirax sarco 72962.3 amazon.com,0,,0,,,
spirax sarco 729623,0,,0,,,
spirax sarco 74607,0,,0,,,
spirax sarco 74794,0,,0,,,
spirax sarco 75171,0,,0,,,
spirax sarco 75470,0,,0,,,
spirax sarco 75926,0,,0,,,
spirax sarco 8 x 5 mm,0,,0,,,
spirax sarco 8mm x 5mm,0,,0,,,
spirax sarco 8x5mm powder coat tubing,0,,0,,,
spirax sarco 8x5mm powder coating hose,0,,0,,,
spirax sarco 8x5mm powder hose,0,,0,,,
spirax sarco 9226e,0,,0,,,
spirax sarco 9301,0,,0,,,
spirax sarco 9336e,0,,0,,,
spirax sarco a 57651,0,,0,,,
spirax sarco a-395,0,,0,,,
spirax sarco a395,0,,0,,,
spirax sarco about us,0,,0,,,
spirax sarco academy,0,,0,,,
spirax sarco acquires chromalox,0,,0,,,
spirax sarco acquires gestra,0,,0,,,
spirax sarco acquires thermocoax,0,,0,,,
spirax sarco acquisition,0,,0,,,
spirax sarco acquisition of chromalox,0,,0,,,
spirax sarco acquisitions,0,,0,,,
spirax sarco actuated ball valve,0,,0,,,
spirax sarco ad,0,,0,,,
spirax sarco address cheltenham,0,,0,,,
spirax sarco address uk,0,,0,,,
spirax sarco adelaide,0,,0,,,
spirax sarco adjusting spring for 25pt,0,,0,,,
spirax sarco ae14 e,0,,0,,,
spirax sarco ae30 price,0,,0,,,
spirax sarco ae30b,0,,0,,,
spirax sarco ae30c,0,,0,,,
spirax sarco ae30lv,0,,0,,,
spirax sarco ael7 manual,0,,0,,,
spirax sarco agm,0,,0,,,
spirax sarco air dirt separator,0,,0,,,
spirax sarco air eliminator ae36,0,,0,,,
spirax sarco air eliminator valve,0,,0,,,
spirax sarco air regulator,0,,0,,,
spirax sarco air release valve,0,,0,,,
spirax sarco air relief valve,0,,0,,,
spirax sarco air valve,0,,0,,,
spirax sarco air vent 13ws,0,,0,,,
spirax sarco air vent 6a,0,,0,,,
spirax sarco air vent ae30a,0,,0,,,
spirax sarco air vent vacuum breaker,0,,0,,,
spirax sarco air vent valve,0,,0,,,
spirax sarco air vent vs 204,0,,0,,,
spirax sarco air vents for liquid systems,0,,0,,,
spirax sarco aktie,0,,0,,,
spirax sarco and john crane,0,,0,,,
spirax sarco angle seat valve,0,,0,,,
spirax sarco announcement,0,,0,,,
spirax sarco annual report 2005,0,,0,,,
spirax sarco annual report 2008,0,,0,,,
spirax sarco annual report 2009,0,,0,,,
spirax sarco annual report 2010,0,,0,,,
spirax sarco annual report 2012,0,,0,,,
spirax sarco annual report 2013,0,,0,,,
spirax sarco annual report 2014,0,,0,,,
spirax sarco annual report 2015,0,,0,,,
spirax sarco annual report 2017,0,,0,,,
spirax sarco annual report 2018,0,,0,,,
spirax sarco annual report 2019,0,,0,,,
spirax sarco annual report 2020,0,,0,,,
spirax sarco annual report 2021,0,,0,,,
spirax sarco annual report 2024,0,,0,,,
spirax sarco annual revenue,0,,0,,,
spirax sarco annual sales,0,,0,,,
spirax sarco anytime portal,0,,0,,,
spirax sarco apprenticeships,0,,0,,,
spirax sarco apt 10,0,,0,,,
spirax sarco apt 14,0,,1.82,,,
spirax sarco apt 14 installation,0,,0,,,
spirax sarco apt 14 package,0,,0,,,
spirax sarco apt 14 pump package,0,,0,,,
spirax sarco apt 14 shc,0,,0,,,
spirax sarco apt 14 sizing,0,,0,,,
spirax sarco apt 14 ti,0,,0,,,
spirax sarco apt 14-ppu,0,,0,,,
spirax sarco apt 14hc,0,,0,,,
spirax sarco apt package,0,,0,,,
spirax sarco apt pump package,0,,0,,,
spirax sarco apt pump trap,0,,0,,,
spirax sarco apt sizing,0,,0,,,
spirax sarco apt10 4.5,0,,0,,,
spirax sarco apt10 ppu,0,,0,,,
spirax sarco apt10-4.5 capacity,0,,0,,,
spirax sarco apt104 5,0,,0,,,
spirax sarco apt104.5,0,,0,,,
spirax sarco apt14 hc,0,,0,,,
spirax sarco apt14 imi,0,,0,,,
spirax sarco apt14 installation,0,,0,,,
spirax sarco apt14 installation manual,0,,0,,,
spirax sarco apt14 manual,0,,0,,,
spirax sarco apt14 sizing,0,,0,,,
spirax sarco apt14 sizing chart,0,,0,,,
spirax sarco apt14shc,0,,0,,,
spirax sarco aptia pump trap,0,,0,,,
spirax sarco asia,0,,0,,,
spirax sarco assessment center,0,,0,,,
spirax sarco assessment centre,0,,0,,,
spirax sarco atlanta ga,0,,0,,,
spirax sarco attemperator desuperheater,0,,0,,,
spirax sarco auckland,0,,0,,,
spirax sarco australia jobs,0,,0,,,
spirax sarco authorized distributors utah,0,,0,,,
spirax sarco autocad,0,,0,,,
spirax sarco automatic air vent ae30a,0,,0,,,
spirax sarco automatic blowdown valve,0,,0,,,
spirax sarco av13 air vent,0,,0,,,
spirax sarco av13 pdf,0,,0,,,
spirax sarco avm7,0,,0,,,
spirax sarco awards,0,,0,,,
spirax sarco b 1x,0,,0,,,
spirax sarco b series control valve,0,,0,,,
spirax sarco b-2-180,0,,0,,,
spirax sarco b-2-180 in-line horizontal bucket trap cover,0,,0,,,
spirax sarco b-4-125 steam trap 1-1 4,0,,0,,,
spirax sarco b12,0,,0,,,
spirax sarco b18,0,,0,,,
spirax sarco b1h 180,0,,0,,,
spirax sarco b1h-125 trap,0,,0,,,
spirax sarco b1h-15,0,,0,,,
spirax sarco b1h-180,0,,0,,,
spirax sarco b1h-250,0,,0,,,
spirax sarco b1h-30,0,,0,,,
spirax sarco b1h-75,0,,0,,,
spirax sarco b1h125,0,,0,,,
spirax sarco b1hs 30,0,,0,,,
spirax sarco b1hs-125,0,,0,,,
spirax sarco b1hs-250,0,,0,,,
spirax sarco b1x 125,0,,0,,,
spirax sarco b2 125,0,,0,,,
spirax sarco b25,0,,0,,,
spirax sarco b3-30,0,,0,,,
spirax sarco b3-75,0,,0,,,
spirax sarco b62,0,,0,,,
spirax sarco back pressure control valve,0,,0,,,
spirax sarco back pressure regulator,0,,0,,,
spirax sarco balanced pressure steam trap,0,,0,,,
spirax sarco balanced pressure thermostatic steam trap,0,,0,,,
spirax sarco balancing disc,0,,0,,,
spirax sarco ball float,0,,0,,,
spirax sarco ball float steam trap installation,0,,0,,,
spirax sarco ball float trap,0,,0,,,
spirax sarco ball valve catalogue,0,,0,,,
spirax sarco ball valve full bore 3 8 screwed m10s2,0,,0,,,
spirax sarco ball valve m10s,0,,0,,,
spirax sarco ball valve size 3 8 model m10s2,0,,0,,,
spirax sarco barcelona,0,,0,,,
spirax sarco basket strainers,0,,0,,,
spirax sarco bbb,0,,0,,,
spirax sarco bc3150 pdf,0,,0,,,
spirax sarco bc3200 manual,0,,0,,,
spirax sarco bc3250 manual,0,,0,,,
spirax sarco bcr3150,0,,0,,,
spirax sarco bcr3250,0,,0,,,
spirax sarco bcv41,0,,0,,,
spirax sarco bdhr,0,,0,,,
spirax sarco bea51,0,,0,,,
spirax sarco belarus,0,,0,,,
spirax sarco belgie,0,,0,,,
spirax sarco benefits,0,,0,,,
spirax sarco bethehem,0,,0,,,
spirax sarco bethlehem,0,,0,,,
spirax sarco bh 754,0,,0,,,
spirax sarco bh-75,0,,0,,,
spirax sarco biblioteca cad,0,,0,,,
spirax sarco bimetallic steam traps,0,,0,,,
spirax sarco blacktown,0,,0,,,
spirax sarco blowdown heat recovery,0,,0,,,
spirax sarco blytgewood sc,0,,0,,,
spirax sarco blythewood sc jobs,0,,0,,,
spirax sarco blythewood sc reviews,0,,0,,,
spirax sarco blythewood sharon sherbourne,0,,0,,,
spirax sarco bma51 b1000117,0,,0,,,
spirax sarco board,0,,0,,,
spirax sarco boas course,0,,0,,,
spirax sarco boas training,0,,0,,,
spirax sarco body 67986,0,,0,,,
spirax sarco boiler blowdown,0,,0,,,
spirax sarco boiler blowdown valves,0,,0,,,
spirax sarco boiler efficiency,0,,0,,,
spirax sarco boiler feed pump,0,,0,,,
spirax sarco boiler feed tank,0,,0,,,
spirax sarco boiler feed water,0,,0,,,
spirax sarco boiler house,0,,0,,,
spirax sarco boiler instrumentation,0,,0,,,
spirax sarco boiler level controls,0,,0,,,
spirax sarco boiler sample cooler,0,,0,,,
spirax sarco boiler training,0,,0,,,
spirax sarco boiler video,0,,0,,,
spirax sarco boiler water treatment,0,,0,,,
spirax sarco boilers,0,,0,,,
spirax sarco bologna,0,,0,,,
spirax sarco book free download pdf,0,,0,,,
spirax sarco book pdf,0,,0,,,
spirax sarco books,0,,0,,,
spirax sarco bpc,0,,0,,,
spirax sarco bpt 13 a,0,,0,,,
spirax sarco br,0,,0,,,
spirax sarco brand guidelines,0,,0,,,
spirax sarco brands,0,,0,,,
spirax sarco brasil cnpj,0,,0,,,
spirax sarco brasil cotia,0,,0,,,
spirax sarco brasil endereço,0,,0,,,
spirax sarco brasil telefone,0,,0,,,
spirax sarco brazil address,0,,0,,,
spirax sarco brewery,0,,0,,,
spirax sarco brisbane,0,,0,,,
spirax sarco bronze safety valve,0,,0,,,
spirax sarco bronze strainer,0,,0,,,
spirax sarco brv 71 73,0,,0,,,
spirax sarco brv2,0,,0,,,
spirax sarco brv2s 1,0,,0,,,
spirax sarco brv2s price,0,,0,,,
spirax sarco bsait dn50 pn16,0,,0,,,
spirax sarco bt strainer,0,,0,,,
spirax sarco bt1000 manual,0,,0,,,
spirax sarco bt6 horizontal,0,,0,,,
spirax sarco bt6-b,0,,0,,,
spirax sarco bt6-bl,0,,0,,,
spirax sarco bt6-bl 1.5,0,,0,,,
spirax sarco bt6bh,0,,0,,,
spirax sarco btm7 pdf,0,,0,,,
spirax sarco btu meter,0,,0,,,
spirax sarco bucket steam traps,0,,0,,,
spirax sarco buyer salary,0,,0,,,
spirax sarco buys chromalox,0,,0,,,
spirax sarco bvl,0,,0,,,
spirax sarco bvl306,0,,0,,,
spirax sarco bx2,0,,0,,,
spirax sarco bx6,0,,0,,,
spirax sarco ca14 installation,0,,0,,,
spirax sarco ca40f,0,,0,,,
spirax sarco cad 3d,0,,0,,,
spirax sarco cad blocks,0,,0,,,
spirax sarco cad download,0,,0,,,
spirax sarco cad drawings,0,,0,,,
spirax sarco cad files,0,,0,,,
spirax sarco cad models,0,,0,,,
spirax sarco calculator steam,0,,0,,,
spirax sarco calculators,0,,0,,,
spirax sarco calgary canada,0,,0,,,
spirax sarco cali colombia,0,,0,,,
spirax sarco cambodia,0,,0,,,
spirax sarco canada 25p,0,,0,,,
spirax sarco canada careers,0,,0,,,
spirax sarco canada contact,0,,0,,,
spirax sarco canada distributors,0,,0,,,
spirax sarco canada edmonton,0,,0,,,
spirax sarco canada jobs,0,,0,,,
spirax sarco canada limited calgary,0,,0,,,
spirax sarco canada ltd concord on l4k 4j3,0,,0,,,
spirax sarco canada ltd vaughan on,0,,0,,,
spirax sarco canada ltée,0,,0,,,
spirax sarco canada montreal,0,,0,,,
spirax sarco canada training,0,,0,,,
spirax sarco cape town,0,,0,,,
spirax sarco capsule assembly,0,,0,,,
spirax sarco carbon steel strainer,0,,0,,,
spirax sarco carbon steel y strainer,0,,0,,,
spirax sarco careers cheltenham,0,,0,,,
spirax sarco careers egypt,0,,0,,,
spirax sarco careers uk,0,,0,,,
spirax sarco cast iron strainers,0,,0,,,
spirax sarco catalog,0,,0,,,
spirax sarco cf3m,0,,0,,,
spirax sarco changi,0,,0,,,
spirax sarco charlton house cheltenham,0,,0,,,
spirax sarco check va,0,,0,,,
spirax sarco check valve dcv3,0,,0,,,
spirax sarco check valve dcv4,0,,0,,,
spirax sarco check valve dcv41,0,,0,,,
spirax sarco check valve pdf,0,,0,,,
spirax sarco check valves,0,,2.31,,,
spirax sarco cheltenham address,0,,0,,,
spirax sarco cheltenham apprenticeships,0,,0,,,
spirax sarco cheltenham careers,0,,0,,,
spirax sarco cheltenham gl51 9nq,0,,0,,,
spirax sarco cheltenham gl53 8er,0,,0,,,
spirax sarco cheltenham gloucestershire,0,,0,,,
spirax sarco cheltenham job vacancies,0,,0,,,
spirax sarco cheltenham jobs,0,,0,,,
spirax sarco cheltenham postcode,0,,0,,,
spirax sarco cheltenham training,0,,0,,,
spirax sarco cheltenham uk,0,,0,,,
spirax sarco cheltenham vacancies,0,,0,,,
spirax sarco cheltenham work experience,0,,0,,,
spirax sarco chennai,0,,0,,,
spirax sarco chennai address,0,,0,,,
spirax sarco chennai careers,0,,0,,,
spirax sarco chennai contact,0,,0,,,
spirax sarco chennai contact number,0,,0,,,
spirax sarco chennai job vacancies,0,,0,,,
spirax sarco chennai jobs,0,,0,,,
spirax sarco chennai mahindra city,0,,0,,,
spirax sarco china address,0,,0,,,
spirax sarco chloorkop,0,,0,,,
spirax sarco ci 125 strainer,0,,0,,,
spirax sarco ci 250,0,,0,,,
spirax sarco ci-125,0,,0,,,
spirax sarco cincinnati,0,,0,,,
spirax sarco cl 30,0,,0,,,
spirax sarco clean steam,0,,0,,,
spirax sarco clean steam filter,0,,0,,,
spirax sarco clean steam regulator,0,,0,,,
spirax sarco clean steam sample cooler,0,,0,,,
spirax sarco clean steam trap,0,,0,,,
spirax sarco cleveland,0,,0,,,
spirax sarco cleveland ohio,0,,0,,,
spirax sarco closing facility in longmont co,0,,0,,,
spirax sarco co ltd,0,,0,,,
spirax sarco codument tis 5.202,0,,0,,,
spirax sarco colombia bogota,0,,0,,,
spirax sarco colombia cali,0,,0,,,
spirax sarco colombia direccion,0,,0,,,
spirax sarco colombia nit,0,,0,,,
spirax sarco colombia s.a.s,0,,0,,,
spirax sarco colombia s.a.s telefono,0,,0,,,
spirax sarco colombia s.a.s.,0,,0,,,
spirax sarco colombia sas telefono,0,,0,,,
spirax sarco colombia telefono,0,,0,,,
spirax sarco colorado,0,,0,,,
spirax sarco columbia,0,,0,,,
spirax sarco columbia sc jobs,0,,0,,,
spirax sarco com us,0,,0,,,
spirax sarco commercial,0,,0,,,
spirax sarco commercial steam humidifier,0,,0,,,
spirax sarco compact clean steam generator,0,,0,,,
spirax sarco compact clean steam generator price,0,,0,,,
spirax sarco companies house,0,,0,,,
spirax sarco company overview,0,,0,,,
spirax sarco company policies,0,,0,,,
spirax sarco compressed air traps,0,,0,,,
spirax sarco concord,0,,0,,,
spirax sarco condensate check valve,0,,0,,,
spirax sarco condensate design of condendate pdf,0,,0,,,
spirax sarco condensate design of condensate pdf,0,,0,,,
spirax sarco condensate flow meter,0,,0,,,
spirax sarco condensate handbook pdf,0,,0,,,
spirax sarco condensate line sizing,0,,0,,,
spirax sarco condensate mixer,0,,0,,,
spirax sarco condensate pump apt14,0,,0,,,
spirax sarco condensate pump installation,0,,0,,,
spirax sarco condensate pump mfp14,0,,0,,,
spirax sarco condensate pump package,0,,0,,,
spirax sarco condensate pump parts,0,,0,,,
spirax sarco condensate pump ptc,0,,0,,,
spirax sarco condensate pump sizing,0,,0,,,
spirax sarco condensate pump trap,0,,0,,,
spirax sarco condensate pumps,0,,2.21,,,
spirax sarco condensate receiver tank,0,,0,,,
spirax sarco condensate recovery pdf,0,,0,,,
spirax sarco condensate recovery pump,0,,0,,,
spirax sarco condensate recovery system,0,,0,,,
spirax sarco condensate return,0,,0,,,
spirax sarco condensate return system,0,,0,,,
spirax sarco condensate return unit,0,,0,,,
spirax sarco condensate tank,0,,0,,,
spirax sarco condensate vacuum vent,0,,0,,,
spirax sarco condenspot,0,,0,,,
spirax sarco contact details,0,,0,,,
spirax sarco contact email,0,,0,,,
spirax sarco control valve actuators and positioners,0,,0,,,
spirax sarco control valve calibration,0,,0,,,
spirax sarco control valve catalogue,0,,0,,,
spirax sarco control valve characteristics,0,,0,,,
spirax sarco control valve ke43,0,,0,,,
spirax sarco control valve ke73,0,,0,,,
spirax sarco control valve le33,0,,0,,,
spirax sarco control valve sp 400,0,,0,,,
spirax sarco control valve sp400,0,,0,,,
spirax sarco control valves cad drawings,0,,0,,,
spirax sarco converter for mag 5000,0,,0,,,
spirax sarco correspondence course,0,,0,,,
spirax sarco cotia,0,,0,,,
spirax sarco country of origin,0,,0,,,
spirax sarco country origin,0,,0,,,
spirax sarco courses,0,,0,,,
spirax sarco credit union,0,,0,,,
spirax sarco crn,0,,0,,,
spirax sarco cross reference,0,,0,,,
spirax sarco csf 16 steam filter,0,,0,,,
spirax sarco csf16 filter,0,,0,,,
spirax sarco csf16 h,0,,0,,,
spirax sarco csf16-h,0,,0,,,
spirax sarco csf16-s,0,,0,,,
spirax sarco csf16t,0,,0,,,
spirax sarco csf26 filter,0,,0,,,
spirax sarco csm c,0,,0,,,
spirax sarco csm c 600,0,,0,,,
spirax sarco csm e,0,,0,,,
spirax sarco csm-c,0,,0,,,
spirax sarco csm-k,0,,0,,,
spirax sarco csmc,0,,0,,,
spirax sarco ct y strainer,0,,0,,,
spirax sarco ct y-strainer,0,,0,,,
spirax sarco culinary steam,0,,0,,,
spirax sarco current share price,0,,0,,,
spirax sarco cursos mexico,0,,0,,,
spirax sarco customers,0,,0,,,
spirax sarco cvs10-1m,0,,0,,,
spirax sarco cyclonic,0,,0,,,
spirax sarco dallas,0,,0,,,
spirax sarco dampf,0,,0,,,
spirax sarco dampfregelventil,0,,0,,,
spirax sarco dampfregelventil mit ausgleich,0,,0,,,
spirax sarco data sheets,0,,0,,,
spirax sarco dcv,0,,0,,,
spirax sarco dcv10,0,,0,,,
spirax sarco dcv10 check valve,0,,0,,,
spirax sarco dcv2 check valve,0,,0,,,
spirax sarco dcv41 check valve,0,,0,,,
spirax sarco deaerator head,0,,0,,,
spirax sarco dealer in dubai,0,,0,,,
spirax sarco dealer in india,0,,0,,,
spirax sarco dealer in usa,0,,0,,,
spirax sarco dealers georgia,0,,0,,,
spirax sarco dealers in uae,0,,0,,,
spirax sarco dealers india,0,,0,,,
spirax sarco decarbonisation technology,0,,0,,,
spirax sarco deer park tx,0,,0,,,
spirax sarco delhi,0,,0,,,
spirax sarco demand specialist,0,,0,,,
spirax sarco denver,0,,0,,,
spirax sarco design of condensate recovery system pdf,0,,0,,,
spirax sarco design of fluid,0,,0,,,
spirax sarco design of fluid system pdf,0,,0,,,
spirax sarco design of fluid systems hookups,0,,0,,,
spirax sarco design of fluid systems hookups pdf,0,,0,,,
spirax sarco design of fluid systems pdf,0,,0,,,
spirax sarco design of fluid systems steam utilization,0,,0,,,
spirax sarco desuperheater calculations,0,,0,,,
spirax sarco df,0,,0,,,
spirax sarco df3,0,,0,,,
spirax sarco di indonesia,0,,0,,,
spirax sarco digital cycle counter,0,,0,,,
spirax sarco digital transformation initiatives,0,,0,,,
spirax sarco direct acting pressure reducing valve,0,,0,,,
spirax sarco direct acting prv,0,,0,,,
spirax sarco director salary,0,,0,,,
spirax sarco distribuidores,0,,0,,,
spirax sarco distribuidores en méxico,0,,0,,,
spirax sarco distribution,0,,2.01,,,
spirax sarco distributor in pakistan,0,,0,,,
spirax sarco distributors california,0,,0,,,
spirax sarco distributors canada,0,,0,,,
spirax sarco distributors florida,0,,0,,,
spirax sarco distributors in dubai,0,,0,,,
spirax sarco distributors in malaysia,0,,0,,,
spirax sarco distributors in missouri,0,,0,,,
spirax sarco distributors india,0,,0,,,
spirax sarco distributors ireland,0,,0,,,
spirax sarco distributors jakarta,0,,0,,,
spirax sarco distributors malaysia,0,,0,,,
spirax sarco distributors michigan,0,,0,,,
spirax sarco distributors middle east,0,,0,,,
spirax sarco distributors pa,0,,0,,,
spirax sarco distributors qatar,0,,0,,,
spirax sarco distributors saudi arabia,0,,0,,,
spirax sarco distributors uk,0,,0,,,
spirax sarco distributors usa locations,0,,0,,,
spirax sarco diva flow meter,0,,0,,,
spirax sarco diva steam meter,0,,0,,,
spirax sarco dividend,0,,0,,,
spirax sarco dividend dates,0,,0,,,
spirax sarco dividend history,0,,0,,,
spirax sarco dividends,0,,0,,,
spirax sarco dn25 pn16,0,,0,,,
spirax sarco dn40 pn16,0,,0,,,
spirax sarco do brasil,0,,0,,,
spirax sarco document tis 5.202,0,,0,,,
spirax sarco download,0,,0,,,
spirax sarco downloads,0,,0,,,
spirax sarco dp 163,0,,0,,,
spirax sarco dp 17 t,0,,0,,,
spirax sarco dp 27,0,,0,,,
spirax sarco dp 27 dn20,0,,0,,,
spirax sarco dp 27 dn25,0,,0,,,
spirax sarco dp 27 dn32,0,,0,,,
spirax sarco dp 27 dn40,0,,0,,,
spirax sarco dp 27 dn50,0,,0,,,
spirax sarco dp 27 dn50 pn16 25,0,,0,,,
spirax sarco dp 27 installation,0,,0,,,
spirax sarco dp 27 lc,0,,0,,,
spirax sarco dp 27 maintenance kit,0,,0,,,
spirax sarco dp 27 manual,0,,0,,,
spirax sarco dp 27 pressure reducing valve,0,,0,,,
spirax sarco dp 27 price,0,,0,,,
spirax sarco dp 27 reducing valve,0,,0,,,
spirax sarco dp 27 service kit,0,,0,,,
spirax sarco dp 27 sizing,0,,0,,,
spirax sarco dp 27 spare parts,0,,0,,,
spirax sarco dp143 manual,0,,0,,,
spirax sarco dp143 pressure reducing valve,0,,0,,,
spirax sarco dp143e,0,,0,,,
spirax sarco dp143g,0,,0,,,
spirax sarco dp17 dn50,0,,0,,,
spirax sarco dp17e,0,,0,,,
spirax sarco dp17r,0,,0,,,
spirax sarco dp27 dimensions,0,,0,,,
spirax sarco dp27 dn15,0,,0,,,
spirax sarco dp27 dn20,0,,0,,,
spirax sarco dp27 lc,0,,0,,,
spirax sarco dp27 maintenance kit,0,,0,,,
spirax sarco dp27 pdf,0,,0,,,
spirax sarco dp27 price,0,,0,,,
spirax sarco dp27 sizing,0,,0,,,
spirax sarco dp27e,0,,0,,,
spirax sarco dp27g,0,,0,,,
spirax sarco dp27r,0,,0,,,
spirax sarco dp27t,0,,0,,,
spirax sarco dpe 2-1 2 in drip pan elbow,0,,0,,,
spirax sarco drip trap,0,,0,,,
spirax sarco drv7,0,,0,,,
spirax sarco drv7-b,0,,0,,,
spirax sarco drv7b,0,,0,,,
spirax sarco dry saturated steam,0,,0,,,
spirax sarco dry saturated steam table,0,,0,,,
spirax sarco dry steam table,0,,0,,,
spirax sarco dubai,0,,0,,,
spirax sarco duplex basket strainer,0,,0,,,
spirax sarco duplex condensate pump,0,,0,,,
spirax sarco duplex pump package,0,,0,,,
spirax sarco duramix 8000,0,,0,,,
spirax sarco durban,0,,0,,,
spirax sarco dvc41,0,,0,,,
spirax sarco dwg,0,,0,,,
spirax sarco e12,0,,0,,,
spirax sarco early careers,0,,0,,,
spirax sarco easiheat dhw,0,,0,,,
spirax sarco easiheat system,0,,0,,,
spirax sarco easiheat uk,0,,0,,,
spirax sarco egypt address,0,,0,,,
spirax sarco egypt careers,0,,0,,,
spirax sarco egypt llc,0,,0,,,
spirax sarco electric steam generator,0,,0,,,
spirax sarco electromagnetic flow meter,0,,0,,,
spirax sarco email address format,0,,0,,,
spirax sarco email format,0,,0,,,
spirax sarco emco,0,,0,,,
spirax sarco employee benefits,0,,0,,,
spirax sarco employee reviews,0,,0,,,
spirax sarco empresa de automação,0,,0,,,
spirax sarco end markets,0,,0,,,
spirax sarco energy efficiency solutions,0,,0,,,
spirax sarco energy management solutions,0,,0,,,
spirax sarco energy service manager,0,,0,,,
spirax sarco energy solutions llc,0,,0,,,
spirax sarco eng,0,,0,,,
spirax sarco engineer,0,,0,,,
spirax sarco engineer salary,0,,0,,,
spirax sarco engineered systems,0,,0,,,
spirax sarco engineering annual report,0,,0,,,
spirax sarco engineering annual report 2017,0,,0,,,
spirax sarco engineering annual report 2018,0,,0,,,
spirax sarco engineering apprenticeships,0,,0,,,
spirax sarco engineering board of directors,0,,0,,,
spirax sarco engineering bv,0,,0,,,
spirax sarco engineering careers,0,,0,,,
spirax sarco engineering ceo,0,,0,,,
spirax sarco engineering cheltenham,0,,0,,,
spirax sarco engineering company,0,,0,,,
spirax sarco engineering email,0,,0,,,
spirax sarco engineering global graduate development programme,0,,0,,,
spirax sarco engineering graduate,0,,0,,,
spirax sarco engineering group,0,,0,,,
spirax sarco engineering investor relations,0,,0,,,
spirax sarco engineering limited,0,,0,,,
spirax sarco engineering locations,0,,0,,,
spirax sarco engineering logo,0,,0,,,
spirax sarco engineering london stock exchange,0,,0,,,
spirax sarco engineering news,0,,0,,,
spirax sarco engineering pl,0,,0,,,
spirax sarco engineering plc address,0,,0,,,
spirax sarco engineering plc annual report 2014,0,,0,,,
spirax sarco engineering plc annual report 2017,0,,0,,,
spirax sarco engineering plc annual report 2018,0,,0,,,
spirax sarco engineering plc careers,0,,0,,,
spirax sarco engineering plc ceo,0,,0,,,
spirax sarco engineering plc cfo,0,,0,,,
spirax sarco engineering plc cheltenham,0,,0,,,
spirax sarco engineering plc email,0,,0,,,
spirax sarco engineering plc email address,0,,0,,,
spirax sarco engineering plc ft,0,,0,,,
spirax sarco engineering plc investor presentation,0,,0,,,
spirax sarco engineering plc investor relations,0,,0,,,
spirax sarco engineering plc linkedin,0,,0,,,
spirax sarco engineering plc logo,0,,0,,,
spirax sarco engineering plc wiki,0,,0,,,
spirax sarco engineering plc www spiraxsarcoengineering com 2017 annual report,0,,0,,,
spirax sarco engineering salary,0,,0,,,
