Keyword,Intent,Volume,KD,CPC,类型,备注
spirax sarco mexicana sapi de cv,Commercial,210,32,0.89,address,斯派莎克 墨西哥 股份投资促进有限公司
spirax sarco mexico,Commercial,170,32,1.43,address,斯派莎克 墨西哥
trampas de vapor spirax sarco,Commercial+Transactional,170,20,1.13,category,蒸汽疏水阀 斯派莎克
spirax sarco españa,Informational+Commercial,110,38,2.04,address,斯派莎克 西班牙
spirax sarco valvulas,Informational+Navigational,90,19,1.04,category,斯派莎克 阀门
valvula spirax sarco,Informational,90,20,0.86,category,阀门 斯派莎克
válvula spirax sarco,Informational,90,19,1.04,category,阀门 斯派莎克
spirax sarco sp7 10 manual español,Informational+Navigational,50,15,0.00,,
valvula termodinamica spirax sarco,,40,,0.00,,
catalogo spirax sarco,,30,,0.00,category,目录 斯派莎克
catálogo spirax sarco pdf,,30,,0.00,,
distribuidores spirax sarco mexico,,30,,0.00,,
spirax sarco catalogo,,30,,0.00,category,斯派莎克 目录
spirax sarco méxico,,30,,0.00,address,墨西哥
trampa de vapor cubeta invertida spirax sarco,,30,,0.00,,
trampa de vapor spirax sarco ft14,,30,,0.00,,
trampa de vapor termodinamica spirax sarco,,30,,0.00,,
trampa flotador spirax sarco,,30,,0.00,,
trampa para vapor spirax sarco,,30,,0.00,,
valvula 25p spirax sarco,,30,,0.13,,
valvula de alivio spirax sarco,,30,,0.00,,
valvula modulante spirax sarco,,30,,0.00,,
valvula reguladora 25p spirax sarco pdf,,30,,0.00,,
valvula reguladora de presion de vapor spirax sarco,,30,,0.00,,
valvula termostatica spirax sarco,,30,,0.00,,
valvulas spirax sarco,,30,,0.50,,
valvulas spirax sarco para vapor,,30,,0.00,,
válvulas para vapor spirax sarco,,30,,0.00,,
calculo de tuberias de vapor spirax sarco,,20,,0.00,,
catalogo spirax sarco pdf,,20,,0.00,,
cuadro de vapor spirax sarco,,20,,0.00,,
cubeta invertida spirax sarco,,20,,0.00,,
curso de vapor spirax sarco pdf,,20,,0.00,,
cálculo de tuberías de vapor spirax sarco,,20,,0.00,,
distribucion de vapor spirax sarco,,20,,0.00,,
distribución de vapor spirax sarco pdf,,20,,0.00,,
distribuidores de spirax sarco en mexico,,20,,0.00,,
el libro del vapor spirax sarco pdf,,20,,0.00,,
medidor de flujo de vapor spirax sarco,,20,,0.00,,
mezclador agua vapor spirax sarco,,20,,0.00,,
regulador de presion de vapor spirax sarco,,20,,0.00,,
regulador de vapor spirax sarco,,20,,0.00,,
reguladora de presion spirax sarco,,20,,0.00,,
reguladora de vapor spirax sarco,,20,,0.00,,
spirax sarco catalogo pdf,,20,,0.00,,
spirax sarco catálogo,,20,,0.78,category,斯派莎克 目录
spirax sarco mexicana,,20,,0,address,斯派莎克 墨西哥
spirax sarco mexico tlalnepantla,,20,,0.00,,
spirax sarco sp400 manual español,,20,,0.00,,
spirax sarco trampa de vapor,,20,,0.00,,
spirax sarco valvula reguladora de vapor,,20,,0.00,category,斯派莎克 蒸汽调节阀
spirax sarco válvulas,,20,,0.00,,
trampa bomba spirax sarco,,20,,0.00,,
trampa de condensados spirax sarco,,20,,0.68,,
trampa de cubeta invertida spirax sarco,,20,,0.00,,
trampa de vapor spirax sarco,,20,,0,category,蒸汽疏水阀 斯派莎克
trampa de vapor spirax sarco 1 2,,20,,0.00,,
trampa de vapor spirax sarco precio,,20,,0.00,,
trampa spirax sarco,,20,,0.00,,
trampa spirax sarco ft 14,,20,,0.00,,
trampa termodinamica spirax sarco,,20,,0.00,,
trampa termostatica spirax sarco,,20,,0.00,category,恒温式疏水阀 斯派莎克
trampa vapor spirax sarco,,20,,0.00,,
valvula check spirax sarco,,20,,0.00,,
valvula de control spirax sarco,,20,,0.00,,
valvula de controle spirax sarco,,20,,0.00,,
valvula de fuelle spirax sarco,,20,,0.00,,
valvula de retencion spirax sarco,,20,,0.00,,
valvula de seguridad spirax sarco,,20,,0.00,,
valvula de vapor spirax sarco,,20,,0.00,,
valvula eliminadora de aire spirax sarco,,20,,0.83,,
valvula eliminadora de aire spirax sarco 13w,,20,,0.00,,
valvula eliminadora de aire spirax sarco modelo 13w,,20,,0.00,,
valvula esfera spirax sarco,,20,,0.00,,
valvula globo para vapor spirax sarco,,20,,0.00,,
valvula globo spirax sarco,,20,,0.16,,
valvula moduladora de vapor spirax sarco,,20,,0.00,,
valvula moduladora spirax sarco,,20,,0.00,,
valvula para vapor spirax sarco,,20,,0.00,,
valvula reductora de presion de vapor spirax sarco,,20,,0.00,,
valvula reductora de presion spirax sarco,,20,,0.00,,
valvula reguladora de presion 25p spirax sarco,,20,,0.00,,
valvula reguladora de presion de vapor spirax sarco 25p,,20,,0.71,,
valvula reguladora de presion spirax sarco,,20,,0.00,,
valvula reguladora de presion spirax sarco 25p,,20,,0.00,,
valvula reguladora de vapor spirax sarco,,20,,0.76,,
valvula reguladora spirax sarco,,20,,0.00,,
valvula reguladora spirax sarco 25p,,20,,0.00,,
valvula spirax sarco 25p,,20,,0.00,,
valvula spirax sarco 25p manual pdf,,20,,0.00,,
valvula vapor spirax sarco,,20,,0.00,,
valvulas de seguridad para vapor spirax sarco,,20,,0.00,,
valvulas de vapor spirax sarco,,20,,0.75,category,蒸汽阀门 斯派莎克
valvulas spirax sarco catalogo,,20,,0.00,,
válvula auto operada spirax sarco,,20,,0.17,,
válvula de controle spirax sarco,,20,,0.24,,
válvula globo spirax sarco,,20,,0.23,,
válvula reguladora de presión de vapor spirax sarco 25p,,20,,0.00,product,斯派莎克 25P 蒸汽减压阀
válvula reguladora de vapor spirax sarco,,20,,0.00,category,蒸汽调节阀 斯派莎克
válvula spirax sarco 25p,,20,,0.00,,
válvulas spirax sarco para vapor,,20,,0.00,,
catalogo spirax sarco valvulas,,10,,0.00,,
catálogo spirax sarco válvulas,,10,,0.00,,
controlador de temperatura spirax sarco,,10,,0.00,,
curso de vapor spirax sarco,,10,,0.00,,
spirax sarco argentina catalogo,,10,,0.00,,
spirax sarco mexicana s.a.p.i. de c.v,,10,,0,address,斯派莎克 墨西哥 股份投资促进有限公司
spirax sarco sp7-10 manual español,,10,,0.00,,
spirax sarco trampas de vapor,,10,,0.00,,
spirax sarco valvulas de seguridad,,10,,0.00,,
trampa de flotador spirax sarco,,10,,0.00,,
trampa de vapor tipo flotador spirax sarco,,10,,0.00,category,浮球式蒸汽疏水阀 斯派莎克
trampa termodinamica spirax sarco td 52,,10,,0.00,,
trampas de vapor spirax sarco pdf,,10,,0.00,docs,蒸汽疏水阀 PDF 斯派莎克
trampas de vapor spirax sarco tipo flotador,,10,,0.00,,
trampas termodinamicas spirax sarco,,10,,0.00,category,热动力式疏水阀 斯派莎克
valvula asiento inclinado spirax sarco,,10,,0.00,,
valvula de bola spirax sarco,,10,,0.00,,
valvula de esfera spirax sarco,,10,,0.00,,
valvula eliminadora de aire 3 4 spirax sarco,,10,,0.00,,
valvula quebra vacuo spirax sarco,,10,,0.00,,
valvula solenoide spirax sarco,,10,,0.00,,
valvulas esfericas spirax sarco,,10,,0.00,,
valvulas globo spirax sarco,,10,,0.00,,
3.1.4 válvula de control spirax sarco,,0,,0.00,,
50 años spirax sarco,,0,,0.00,,
50 años spirax sarco mexicana,,0,,0.00,,
accesorios tuberias spirax sarco,,0,,0.00,,
acoples racor aplicación vapor spirax sarco,,0,,0.00,,
actuador eléctrico lineal el5600 spirax sarco,,0,,0.00,,
actuador neumatico spirax sarco,,0,,0.00,,
actuador neumático giratorio spirax sarco 320d,,0,,0.00,,
actuador neumático rotativo spirax sarco 320d,,0,,0.00,,
actuador valvula de control spirax sarco,,0,,0.00,,
actuadores electricos spirax sarco valvulas 3 vias,,0,,0.00,,
acumuladores de vapor spirax sarco catalogo,,0,,0.00,,
acuotubulares caldera caricatura spirax sarco,,0,,0.00,,
acuotubulares caldera spirax sarco,,0,,0.00,,
app para calculo de cañerias de vapor spirax sarco,,0,,0.00,,
atuador para valvula de controle spirax sarco,,0,,0.00,,
b4 12s trampa spirax sarco,,0,,0.00,,
bobinas para valvulas reguladoras spirax sarco,,0,,0.00,,
bomba trampa spirax sarco,,0,,0.00,,
bombas de alta presión spirax sarco,,0,,0.00,,
bombas de alta presión spirax sarco especificaciones,,0,,0.00,,
bombas de alta presión spirax sarco especificaciones tecnicas,,0,,0.00,,
bombas de alta presión spirax sarco especificaciones word 2010,,0,,0.00,,
caida de presion en tuberias spirax sarco,,0,,0.00,,
caida de presion estacion de purga compacta spirax sarco,,0,,0.00,,
caida de presion trampa de vapor spirax sarco,,0,,0.00,,
calculador de cañeria de vapor spirax sarco,,0,,0.00,,
calculador spirax sarco español,,0,,0.00,,
calcular válvula spirax sarco,,0,,0.00,,
calculo sistema de vapor spirax sarco,,0,,0.00,,
calculo tuberia vapor spirax sarco,,0,,0.00,,
calculo vapor spirax sarco,,0,,0.00,,
caldera de vapor pirotubular catalogo spirax sarco,,0,,0.00,,
caldera economica spirax sarco,,0,,0.00,,
caldera interior de una caldera en operacion spirax sarco,,0,,0.00,,
caldera spirax sarco,,0,,0.00,,
caldera típica spirax sarco,,0,,0.00,,
calderas de vapor spirax sarco mexico,,0,,0.00,,
calibracao valvula spirax sarco 25p,,0,,0.00,,
catalog spirax sarco valvula,,0,,0.00,,
catalogo antigo spirax sarco,,0,,0.00,,
catalogo calderas spirax sarco,,0,,0.00,,
catalogo completo spirax sarco,,0,,0.00,,
catalogo de bridas spirax sarco,,0,,0.00,,
catalogo de caldera spirax sarco,,0,,0.00,,
catalogo de cañerias spirax sarco,,0,,0.00,,
catalogo de filtro y spirax sarco,,0,,0.00,,
catalogo de productos spirax sarco pdf,,0,,0.00,,
catalogo de spirax sarco,,0,,0.00,,
catalogo de treinamento spirax sarco 2019,,0,,0.00,,
catalogo de valvula de bola spirax sarco,,0,,0.00,,
catalogo dynafluid spirax sarco,,0,,0.00,,
catalogo filtro y cssx spirax sarco,,0,,0.00,,
catalogo filtro y spirax sarco,,0,,0.00,,
catalogo general spirax sarco,,0,,0.00,,
catalogo m10s2 spirax sarco,,0,,0.00,,
catalogo p-25 spirax sarco,,0,,0.00,,
catalogo prodotti spirax sarco,,0,,0.00,,
catalogo sarco spirax,,0,,0.00,,
catalogo simplificado spirax sarco,,0,,0.00,,
catalogo spirax sarco 2018,,0,,0.00,,
catalogo spirax sarco abl 414,,0,,0.00,,
catalogo spirax sarco calculo tuberias,,0,,0.00,,
catalogo spirax sarco en español,,0,,0.00,,
catalogo spirax sarco filtro y,,0,,0.00,,
catalogo spirax sarco mexico,,0,,0.00,,
catalogo spirax sarco méxico,,0,,0.00,,
catalogo spirax sarco purgadores,,0,,0.00,,
catalogo spirax sarco ref.14,,0,,0.00,,
catalogo spirax sarco scaricatore pdf,,0,,0.00,,
catalogo spirax sarco sm21,,0,,0.00,,
catalogo spirax sarco sm24,,0,,0.00,,
catalogo spirax sarco sm24h,,0,,0.00,,
catalogo spirax sarco td 42,,0,,0.00,,
catalogo spirax sarco td 45,,0,,0.00,,
catalogo spirax sarco td10,,0,,0.00,,
catalogo spirax sarco valvulas esfericas,,0,,0.00,,
catalogo spirax sarco válvulas,,0,,0.00,,
catalogo tecnico simplificado spirax sarco,,0,,0.00,,
catalogo tecnico spirax sarco,,0,,0.00,,
catalogo trampas de vapor spirax sarco pdf,,0,,0.00,,
catalogo valvula redutora spirax sarco,,0,,0.00,,
catalogo valvulas de seguridad spirax sarco,,0,,0.00,,
catalogo valvulas moduladoras spirax sarco,,0,,0.00,,
catalogos de valvulas spirax sarco medidas,,0,,0.00,,
catálogo calderas de vapor limpio spirax sarco,,0,,0.00,,
catálogo cálvulas spirax sarco,,0,,0.00,,
catálogo de produtos spirax sarco e preços,,0,,0.00,,
catálogo intercambiadores de calor de tubos spirax sarco,,0,,0.00,,
catálogo spirax sarco,,0,,0.00,,
catálogo spirax sarco presion absoluta y manometrica,,0,,0.00,,
caudalimetros vapor spirax sarco,,0,,0.00,,
caudalímetros spirax sarco,,0,,0.00,,
circuito trampa vapor spirax sarco,,0,,0.00,,
cogeneración comparada con la electricidad convencion spirax sarco s a,,0,,0.00,,
como funciona trampa de vapor spirax sarco,,0,,0.00,,
como funciona valvula spirax sarco 25p,,0,,0.00,,
como identificar una valvula spirax sarco resorte azul,,0,,0.00,,
como llegar a spirax sarco mexico,,0,,0.00,,
como regular controlador de temperatura spirax sarco,,0,,0.00,,
como regular valvula spirax sarco 25p,,0,,0.00,,
como se calibran las válvulas de presion spirax sarco,,0,,0.00,,
controlador de flujo spirax sarco,,0,,0.00,,
controlador de presión spirax sarco,,0,,0.00,,
controlador de temperatura spirax sarco sx-uni,,0,,0.00,,
controlador de valvula spirax sarco,,0,,0.00,,
controlador spirax sarco software sx uni manual español,,0,,0.00,,
controlador spirax sarco software sx uni manul español,,0,,0.00,,
controlador sx-uni spirax sarco español,,0,,0.00,,
convencion de venta 2019 spirax sarco,,0,,0.00,,
criterio diseño cañería vapor spirax sarco cada 50 m,,0,,0.00,,
ctalogo da válvula spirax sarco sv 66h,,0,,0.00,,
cuadro de regulación 25p spirax sarco,,0,,0.00,,
cuanto cuesta una valvula eliminadora de aire spirax sarco,,0,,0.00,,
cuanto de combustible consume una caldera spirax sarco,,0,,0.00,,
curso trampas ded vapor spirax sarco,,0,,0.00,,
cursos de tuberias de vapor spirax sarco,,0,,0.00,,
cursos de tuberias de vapor spirax sarco barranquilla,,0,,0.00,,
cursos de vapor spirax sarco sistemas de distribucion,,0,,0.00,,
cursos spirax sarco 2015 mexico,,0,,0,,
curvas trampa vapor spirax sarco ft 14,,0,,0.00,,
curvas trampa vapor spirax sarco ft 14 diametro 2,,0,,0.00,,
datasheet actuador eléctrico lineal el 5600 spirax sarco,,0,,0.00,,
datasheet actuador eléctrico lineal el5600 spirax sarco,,0,,0.00,,
de retención a disco dcv4 2 spirax sarco,,0,,0.00,,
desarme de valvula reguladora de vapor spirax sarco,,0,,0.00,,
desarme valvula spirax sarco a 126,,0,,0.00,,
desarme valvula spirax sarco a 126-b,,0,,0.00,,
descargas valvulas spirax sarco 3d,,0,,0.00,,
despiece de valvula spirax sarco p25,,0,,0.00,,
despiece en español de easy heat spirax sarco,,0,,0.00,,
despiece reguladora 25 p spirax sarco,,0,,0.00,,
despiece valvula 25p spirax sarco,,0,,0.00,,
despiece valvula 25p spirax sarco pdf,,0,,0.00,,
despiece valvula reguladora presion spirax sarco 25p,,0,,0.00,,
diagram de caida de presion spirax sarco,,0,,0.00,,
diagrama de valvula reguladora de presion de vapor spirax sarco,,0,,0.00,,
dimensionado de tuberias spirax sarco,,0,,0.00,,
dimensionamiento de tuberias de vapor spirax sarco,,0,,0.00,,
direccion spirax sarco españa 2019,,0,,0.00,,
diseño de sistemas de fluidos spirax sarco,,0,,0.00,,
diseño tanque de flasheo spirax sarco,,0,,0.00,,
disposición de cuadros de vapor spirax sarco,,0,,0.00,,
distribucion de vapor spirax sarco pdf,,0,,0.00,,
distribución de vapor spirax sarco,,0,,0.00,,
distribuidor de valvulas spirax sarco,,0,,0.00,,
distribuidor spirax sarco españa,,0,,0.00,,
distribuidor spirax sarco mexico,,0,,0.00,,
distribuidor spirax sarco valvulas argentina,,0,,0.00,,
distribuidores de la marca spirax sarco en guanajuato,,0,,0.00,,
distribuidores de valvulas spirax sarco,,0,,0.00,,
distribuidores marca spirax sarco en mexico,,0,,0.00,,
distribuidores spirax sarco en mexico,,0,,0.00,,
distribuidres valvula spirax sarco,,0,,0.00,,
distribuodres valvula spirax sarco,,0,,0.00,,
ditribuidor valvulas spirax sarco,,0,,0.00,,
donde comprar spirax sarco valvulas,,0,,0.00,,
donde descargo libro de spirax sarco,,0,,0.00,,
donde están fabricados los manometros spirax sarco,,0,,0.00,,
drenaje de tuberias spirax sarco,,0,,0.00,,
easy heat spirax sarco en español,,0,,0.00,,
ebay trampa de vapor spirax sarco ft14,,0,,0.00,,
el libro del vapor spirax sarco,,0,,0.00,,
elastomero valvula de controle borboleta spirax sarco,,0,,0.00,,
emisiones de calor en las tuberias spirax sarco,,0,,0.00,,
empresa spirax sarco españa 2019,,0,,0.00,,
ep500s spirax sarco español,,0,,0.00,,
equivalencia de trampas por marcas spirax sarco vs tlv,,0,,0.00,,
especificação atuadores valvulas esfera spirax sarco,,0,,0.00,,
espesor de aislamiento termico en tuberias spirax sarco,,0,,0.00,,
espuma en caldera spirax sarco,,0,,0.00,,
estacion reductora de presion spirax sarco,,0,,0.00,,
estaciones de distribucion de vapor spirax sarco,,0,,0.00,,
explicacion de funcionamiento de valvula spirax sarco 25p,,0,,0.00,,
filetype pdf valvulas esfericas spirax sarco,,0,,0.00,,
filtro canasta spirax sarco en mexico,,0,,0.00,,
filtro regulador de aire spirax sarco,,0,,0.00,,
filtro regulador spirax sarco,,0,,0.00,,
filtro trampa de agua spirax sarco,,0,,0.00,,
filtro y linea vapor spirax sarco,,0,,0.00,,
filtros spirax sarco méxico,,0,,0.00,,
filtros y spirax sarco 11 méxico,,0,,0.00,,
filtros y spirax sarco pdf,,0,,0.00,,
fotos de linhas com aplicações de valvulas industrial spirax sarco,,0,,0.00,,
fotos seções com aplicações de valvulas industrial spirax sarco,,0,,0.00,,
funcionamiento de trampas de vapor spirax sarco,,0,,0.00,,
funcionamiento de valvula bpt 134 spirax sarco,,0,,0.00,,
funcionamiento de valvula bpt 13a spirax sarco,,0,,0.00,,
google maps spirax sarco mexico,,0,,0.00,,
grafico dimensionamiento de tuberias de vapor spirax sarco,,0,,0.00,,
grafico seleccion trampas termodinamicas spirax sarco,,0,,0.00,,
gtin valvulas spirax sarco,,0,,0.00,,
guia instalacion de trampa a flotador spirax sarco,,0,,0.00,,
guia instalacion trampa termodinamica vapor spirax sarco,,0,,0.00,,
guia instalacion trampa termoesticas vapor spirax sarco,,0,,0.00,,
guia spirax sarco,,0,,0.00,,
guías spirax sarco,,0,,0.00,,
imagen valvula retencion a disco spirax sarco dcv4,,0,,0.00,,
imagenes de interior de valvula check spirax sarco,,0,,0.00,,
imagenes de valvula check spirax sarco,,0,,0.00,,
inclinacion de trampa a flotador spirax sarco,,0,,0.00,,
instalacion de trampa de flotador spirax sarco,,0,,0.00,,
instalacion de valvula bpt 13a spirax sarco,,0,,0.00,,
instalacion de valvulas reguladoras actuadas spirax sarco,,0,,0.00,,
instalacion de valvulas reguladoras spirax sarco,,0,,0.00,,
instalacion valvulas de seguridad 2500 spirax sarco pdf,,0,,0.00,,
instalacion valvulas de seguridad spirax sarco,,0,,0.00,,
instalacion valvulas de seguridad spirax sarco pdf,,0,,0.00,,
interior caldera por spirax sarco,,0,,0.00,,
interior de una caldera en operacion spirax sarco,,0,,0.00,,
kit de mantenimiento valvula serie 25 spirax sarco,,0,,0.00,,
kit de refacciones valvula spirax sarco,,0,,0.00,,
kit de reparacion regulador de presion para vapor spirax sarco,,0,,0.00,,
kit de reparacion valvula spirax sarco,,0,,0.00,,
kit de reparacion valvula spirax sarco distribuidores,,0,,0.00,,
kit juntas valvula 25p spirax sarco,,0,,0.00,,
linea de trampeo de vapor spirax-sarco,,0,,0.00,,
lista de manual de spirax sarco en español,,0,,0.00,,
logo de spirax sarco mexicana,,0,,0.00,,
línea spirax sarco fondo blanco,,0,,0.00,,
m10 f2 válvula esférica spirax sarco,,0,,0.00,,
manales de spirax sarco en español,,0,,0.00,,
mantenimiento de trampa bomba spirax sarco,,0,,0.00,,
mantenimiento valvula reguladora de presion spirax sarco,,0,,0.00,,
manual completo válvula spirax sarco 25p,,0,,0.00,,
manual controlador de temperatura spirax sarco sx uni,,0,,0.00,,
manual curso de vapor de spirax sarco,,0,,0.00,,
manual de dimensionamento de valvula de controle spirax sarco,,0,,0.00,,
manual de valvula moduladora spirax sarco,,0,,0.00,,
manual instalacion 25p spirax sarco,,0,,0.00,,
manual instalación 25p spirax sarco,,0,,0.00,,
manual spirax sarco ae36 español,,0,,0.00,,
manual spirax sarco ae36a español,,0,,0.00,,
manual sx80 español spirax sarco,,0,,0.00,,
manual sx80español spirax sarco,,0,,0.00,,
manuales de spirax sarco en español,,0,,0.00,,
manómetro spirax sarco,,0,,0.00,,
marca spirax sarco en cuñiacan,,0,,0.00,,
medidor de flujo spirax sarco,,0,,0.00,,
medidor de flujo spirax sarco presion diferencial,,0,,0.00,,
medidor de flujo spirax sarco presion diferencial ah9000,,0,,0.00,,
mercado libre argentina valvula spirax sarco,,0,,0.00,,
modelado valvula bola spirax sarco,,0,,0.00,,
modelo de trampas de vapor spirax sarco,,0,,0.00,,
modelo válvula de alivio spirax sarco,,0,,0.00,,
modelos de vávulas de controle spirax sarco,,0,,0.00,,
modelos válvulas redutora spirax sarco,,0,,0.00,,
máxima presión diferencial de un ft 14 spirax sarco,,0,,0.00,,
numero telefonico de spirax sarco en mexico,,0,,0.00,,
oficina de ventas spirax sarco mexico df,,0,,0.00,,
oring para valvula spirax sarco,,0,,0.00,,
paginas para descargar modelados de valvulas spirax sarco,,0,,0.00,,
palnes de mantenimineto de reguladoras de presion spirax sarco,,0,,0.00,,
partes de valvula reductora de presion spirax sarco,,0,,0.00,,
peso valvula 3 k4 sv-80h spirax sarco,,0,,0.00,,
piezas para instalacion de una caldera spirax sarco,,0,,0.00,,
piloto de valvula 25 pilotada spirax sarco,,0,,0.00,,
piloto de valvula 25 spirax sarco,,0,,0.00,,
piloto de valvula 25d spirax sarco,,0,,0.00,,
piloto de valvula 25t spirax sarco,,0,,0.00,,
planilha calculo sistema de vapor spirax sarco,,0,,0.00,,
planta de spirax sarco en españa,,0,,0.00,,
posicionador electrico valvula spirax sarco,,0,,0.00,,
posicionador spirax sarco valvulas,,0,,0.00,,
posicionador valvula spirax sarco,,0,,0.00,,
precio de filtros y spirax sarco,,0,,0.00,,
precio de filtros y spirax sarco en cdmx,,0,,0.00,,
precio de trampa de vapor spirax sarco,,0,,0.00,,
precio de una valvula 25p spirax sarco,,0,,0.00,,
precio de valvula reguladora de presion de vapor spirax sarco,,0,,0.00,,
precio valvula eliminadora de aire spirax sarco,,0,,0.00,,
precio válvula eliminadora de aire spirax sarco,,0,,0.00,,
presion de diseño de spirax sarco de calderos,,0,,0.00,,
presion de diseño de spirax sarco para generacion de vapor,,0,,0.00,,
presion de diseño de spirax sarco pdf calderas y accesorios,,0,,0.00,,
presion vapor spirax sarco,,0,,0.00,,
presión diferencial maxima spirax sarco,,0,,0.00,,
presión diferencial maxima spirax sarco eliminadores de aire,,0,,0.00,,
preços válvula vapor spirax sarco,,0,,0.00,,
programa calculo spirax sarco,,0,,0.00,,
pueto de presion spirax sarco,,0,,0.00,,
purga de fondo a caldera spirax sarco,,0,,0.00,,
purga termodinamica tds 52 spirax sarco,,0,,0.00,,
purgas de linea de aire comprimido spirax sarco,,0,,0.00,,
racks de distribucion de vapor spirax sarco,,0,,0.00,,
rango de presion de valvulas reguladoras de vapor spirax sarco,,0,,0.00,,
reductoras de presion spirax sarco,,0,,0.00,,
refacciones spirax sarco mexico,,0,,0.00,,
regulador de aire comprimido para 40 bar spirax sarco,,0,,0.00,,
regulador de presion gas spirax sarco,,0,,0.00,,
regulador de presion gas spirax sarco cad,,0,,0.00,,
regulador de presion para agua spirax sarco,,0,,0.00,,
regulador de presion para vapor spirax sarco,,0,,0.00,,
regulador de presion para vapor spirax sarco santiago de chile,,0,,0.00,,
regulador de presion spirax sarco,,0,,0.00,,
regulador de presion spirax sarco modulante con temperatura,,0,,0.00,,
regulador de presión de vapor mca spirax sarco,,0,,0.00,,
regulador de presión spirax sarco prv,,0,,0.00,,
regulador de vapor 25p spirax sarco,,0,,0.00,,
regulador spirax sarco,,0,,0.00,,
regulador spirax sarco 2,,0,,0.00,,
regulador spirax sarco 56756a,,0,,0.00,,
regulador spirax sarco cca 91 km,,0,,0.00,,
regulador spirax sarco cca 91 km calibración,,0,,0.00,,
reguladora de presion spirax sarco 25p,,0,,0.00,,
reguladora de presion spirax sarco 25p tis.3.030,,0,,0.00,,
reguladora de presion spirax sarco lrv,,0,,0.00,,
reguladora de presion spirax sarco lrv 25,,0,,0.00,,
reguladora de presion spirax sarco lrv25,,0,,0.00,,
reguladora de vapor spirax sarco despiece,,0,,0.00,,
reguladora spirax sarco,,0,,0.00,,
reguladora spirax sarco 25p,,0,,0.00,,
reguladora spirax sarco rb,,0,,0.00,,
reguladoras de presion para vapor spirax sarco,,0,,0.00,,
reguladoras de.presion serie 25p spirax sarco,,0,,0.00,,
reguladores de presión de operación directa spirax sarco,,0,,0.00,,
reparacion de valvula autopiloteada spirax sarco,,0,,0.00,,
reparacion de valvula reductora de presion spirax-sarco dp27,,0,,0.00,,
repuestos válvulas reguladoras de vapor spirax sarco,,0,,0.00,,
repuestos válvulas reguladoras de vapor spirax sarco colombia,,0,,0.00,,
resorte azul de valvula reguladora de presion spirax sarco 25p,,0,,0.00,,
respiradero ae36a spirax sarco catalogo pdf,,0,,0.00,,
respiradero spirax sarco catalogo pdf,,0,,0.00,,
respuestos valvula spirax sarco,,0,,0.00,,
rweparaxcion de valvula autopiloteada spirax sarco,,0,,0.00,,
sale sarco spirax miami trampa de vapor,,0,,0.00,,
seleccion de caldera procedimiento spirax sarco,,0,,0.00,,
seleccion de trampas de vapor spirax sarco,,0,,0.00,,
seleccion de trampas de vapor spirax sarco pdf,,0,,0.00,,
seleccion de valvula reguladora de presion spirax sarco,,0,,0.00,,
seleccion de valvula reguladora de presion spirax sarco 25p,,0,,0.00,,
seleccion spirax sarco 25p español,,0,,0.00,,
seleccion y funcionamiento de valvula spirax sarco 25p,,0,,0.00,,
sensor cp30 spirax sarco manual español,,0,,0.00,,
sensor de posición válvula spirax sarco,,0,,0.00,,
servo válvulas de vapor spirax sarco,,0,,0.00,,
software para dimensionar valvulas de control spirax sarco,,0,,0.00,,
soportes para linea de vapor spirax sarco,,0,,0.00,,
spirax sarc mexicana,,0,,0.00,,
spirax sarc mexicana app,,0,,0.00,,
spirax sarco 25p cast iron catalogo,,0,,0.00,,
spirax sarco 25p español,,0,,0.00,,
spirax sarco 25p español especificaciones tecnicas,,0,,0.00,,
spirax sarco actuador neumatico,,0,,0.00,,
spirax sarco agua sobrecalentada tuberias pdf,,0,,0.00,,
spirax sarco alivio,,0,,0.00,,
spirax sarco argentina catálogo,,0,,0.00,,
spirax sarco b850 guia rapida,,0,,0.00,,
spirax sarco bt1050 pdf español,,0,,0.00,,
spirax sarco caida de presion de vapor,,0,,0.00,,
spirax sarco calculo,,0,,0.00,,
spirax sarco calculo cañerias de vapor,,0,,0.00,,
spirax sarco calculo de cañerias de vapor,,0,,0.00,,
spirax sarco calculo de lineas devapor,,0,,0.00,,
spirax sarco calculo de manifold,,0,,0.00,,
spirax sarco calculo de tuberias de vapor,,0,,0.00,,
spirax sarco calculo de tuberias de vapor calculadora,,0,,0.00,,
spirax sarco calculo tuberias,,0,,0.00,,
spirax sarco calculo vapor,,0,,0.00,,
spirax sarco calculo vapor tablas,,0,,0.00,,
spirax sarco caldera,,0,,0.00,,
spirax sarco caldera video,,0,,0.00,,
spirax sarco calderas catalogo,,0,,0.00,,
spirax sarco catalogo burbujeo,,0,,0.00,,
spirax sarco catalogo dp17s,,0,,0.00,,
spirax sarco catalogo international site,,0,,0.00,,
spirax sarco catalogo pdf apt 14,,0,,0.00,,
spirax sarco catalogo trampas balde invertido,,0,,0.00,,
spirax sarco catalogo trampas balde invertido medidas,,0,,0.00,,
spirax sarco catálogo pdf,,0,,0.00,,
spirax sarco como funciona una caldera,,0,,0.00,,
spirax sarco consumo gas en caldera,,0,,0.00,,
spirax sarco cuadro regulador,,0,,0.00,,
spirax sarco curso de vapor,,0,,0.00,,
spirax sarco cursos mexico,,0,,0,,
spirax sarco curva de presion de trabajo,,0,,0.00,,
spirax sarco dfu trampa de vapor,,0,,0.00,,
spirax sarco dimensionamiento tuberias,,0,,0.00,,
spirax sarco dimensionar trampa de vapor,,0,,0.00,,
spirax sarco distribucion de aire comprimido,,0,,0.00,,
spirax sarco distribuidores en méxico,,0,,0,,
spirax sarco distributors mexico,,0,,0.00,,
spirax sarco dn80 valvula preçp,,0,,0.00,,
spirax sarco en españa,,0,,0.00,,
spirax sarco en españa empleos,,0,,0.00,,
spirax sarco en la sala de caldera,,0,,0.00,,
spirax sarco ep 500 manual español,,0,,0.00,,
spirax sarco ep5 manual español,,0,,0.00,,
spirax sarco ep5 positioner manual español,,0,,0.00,,
spirax sarco ep500 manual español,,0,,0.00,,
spirax sarco español,,0,,0.00,,
spirax sarco flujo de vapor en tuberias,,0,,0.00,,
spirax sarco laboratorio mexico,,0,,0.00,,
spirax sarco libro español,,0,,0.00,,
spirax sarco mexicana cienega de flores,,0,,0.00,,
spirax sarco mexicana estados financieros,,0,,0.00,,
spirax sarco mexicana face,,0,,0.00,,
spirax sarco mexicana facebook,,0,,0.00,,
spirax sarco mexicana iso,,0,,0.00,,
spirax sarco mexicana monterrey,,0,,0.00,,
spirax sarco mexicana s.a,,0,,0.00,,
spirax sarco mexicana s.a de c.v rfc,,0,,0.00,,
spirax sarco mexicana s.a p.i de c.v,,0,,0.00,,
spirax sarco mexicana s.a. de c.v,,0,,0.00,,
spirax sarco mexicana s.a.p.i de c.v guadalajara,,0,,0.00,,
spirax sarco mexicana s.a.p.i de c.v panjiva,,0,,0.00,,
spirax sarco mexicana sa de cv,,0,,0.00,,
spirax sarco mexicana sapi,,0,,0.00,,
spirax sarco mexico bolsa de trabajo,,0,,0.00,,
spirax sarco mexico catalogo,,0,,0.00,,
spirax sarco mexico cursos,,0,,0.00,,
spirax sarco mexico df,,0,,0.00,,
spirax sarco mexico eliminadora de aire,,0,,0.00,,
spirax sarco mexico facebook,,0,,0.00,,
spirax sarco mexico linkedin,,0,,0.00,,
spirax sarco mexico monterrey,,0,,0.00,,
spirax sarco mexico pf666100 34c,,0,,0.00,,
spirax sarco mexico precios,,0,,0.00,,
spirax sarco mexico presentacion,,0,,0.00,,
spirax sarco mexico tulticlan,,0,,0.00,,
spirax sarco mexico tultitlan,,0,,0.00,,
spirax sarco mexico valvulas,,0,,0.00,,
spirax sarco piping español,,0,,0.00,,
spirax sarco potencia de una caldera de vapor,,0,,0.00,,
spirax sarco presion,,0,,0.00,,
spirax sarco presion calculator,,0,,0.00,,
spirax sarco presion con cantidad de generacionde vapor,,0,,0.00,,
spirax sarco presion de diseño y,,0,,0.00,,
spirax sarco presion de diseño y flujo de vapor,,0,,0.00,,
spirax sarco presión diferencial maxima,,0,,0.00,,
spirax sarco principio de funcionamiento de una caldera,,0,,0.00,,
spirax sarco purga de fondo de caldera,,0,,0.00,,
spirax sarco recuperador caldera,,0,,0.00,,
spirax sarco regulador de presion,,0,,0.00,,
spirax sarco regulador de presion 25p,,0,,0.00,,
spirax sarco regulador de vapor tipo 25,,0,,0.00,,
spirax sarco reguladora 25 p,,0,,0.00,,
spirax sarco reguladora pressure reducing 200 valve,,0,,0.00,,
spirax sarco reguladora pressure reducing valve,,0,,0.00,,
spirax sarco sales in mexico 2018,,0,,0.00,,
spirax sarco seleccion trampas de vapor,,0,,0.00,,
spirax sarco sp 400 manual español,,0,,0.00,,
spirax sarco sp500 manual español,,0,,0.00,,
spirax sarco sx 80 manual español,,0,,0.00,,
spirax sarco sx uni manual español,,0,,0.00,,
spirax sarco sx80 como configurar con presion,,0,,0.00,,
spirax sarco tabla 2 capacidades de tuberias,,0,,0.00,,
spirax sarco trampa de cubeta invertida,,0,,0.00,,
spirax sarco trampa de cubeta invertida serie b,,0,,0.00,,
spirax sarco trampa de vapor flotador,,0,,0.00,,
spirax sarco trampa termodinámica,,0,,0.00,,
spirax sarco trampas,,0,,0.00,,
spirax sarco trampas de vapor ca 14,,0,,0.00,,
spirax sarco trampas de vapor catalogo,,0,,0.00,,
spirax sarco trampas de vapor termostaticacatalogo,,0,,0.00,,
spirax sarco trampas kits,,0,,0.00,,
spirax sarco uruguay valvula mariposa,,0,,0.00,,
spirax sarco valvula alivio,,0,,0.00,,
spirax sarco valvula anti retorno,,0,,0.00,,
spirax sarco valvula antirretorno,,0,,0.00,,
spirax sarco valvula con fuelle,,0,,0.00,,
spirax sarco valvula d alivio,,0,,0.00,,
spirax sarco valvula de control,,0,,0.00,,
spirax sarco valvula de purga,,0,,0.00,,
spirax sarco valvula de purga dn20,,0,,0.00,,
spirax sarco valvula de purga dn22,,0,,0.00,,
spirax sarco valvula de retencion,,0,,0.00,,
spirax sarco valvula de seguridad 2,,0,,0.00,,
spirax sarco valvula globo,,0,,0.00,,
spirax sarco valvula inclinada,,0,,0.00,,
spirax sarco valvula neumatica,,0,,0.00,,
spirax sarco valvula termodinamica td 52,,0,,0.00,,
spirax sarco valvulas 3d,,0,,0.00,,
spirax sarco valvulas 6150001,,0,,0.00,,
spirax sarco valvulas 6150001 de 3 4,,0,,0.00,,
spirax sarco valvulas 6150001 de 3 4 desarmadas,,0,,0.00,,
spirax sarco valvulas 6150001 de 3 4 mantenimiento,,0,,0.00,,
spirax sarco valvulas 6150001 mantenimiento,,0,,0.00,,
spirax sarco valvulas de control,,0,,0.00,,
spirax sarco valvulas de control montae,,0,,0.00,,
spirax sarco valvulas de control montaje,,0,,0.00,,
spirax sarco valvulas esfericas,,0,,0.00,,
spirax sarco valvulas filtros,,0,,0.00,,
spirax sarco valvulas globo,,0,,0.00,,
spirax sarco valvulas reductoras de presion,,0,,0.00,,
spirax sarco valvulas reguladora,,0,,0.00,,
spirax sarco valvulas trampas,,0,,0.00,,
spirax sarco vapor válvula,,0,,0.00,,
spirax-sarco mexico indeed,,0,,0.00,,
sx90 spirax sarco en mexico,,0,,0.00,,
tabla de calculo spirax sarco,,0,,0.00,,
tablas de vapor spirax sarco españa,,0,,0.00,,
tipos de trampas de vapor spirax sarco,,0,,0.00,,
tipos de valvulas de seguridad spirax sarco,,0,,0.00,,
trampa a flotador spirax sarco,,0,,0.00,,
trampa a125 spirax sarco,,0,,0.00,,
trampa balde invertido b pdf spirax sarco,,0,,0.00,,
trampa balde invertido b-5 pdf spirax sarco,,0,,0.00,,
trampa balde invertido marca spirax sarco,,0,,0.00,,
trampa balde invertido serie b pdf spirax sarco,,0,,0.00,,
trampa bomba de vapor spirax sarco,,0,,0.00,,
trampa bomba spirax sarco costo,,0,,0.00,,
trampa de aire spirax sarco,,0,,0.00,,
trampa de aire spirax sarco ac,,0,,0.00,,
trampa de aire spirax sarco sa,,0,,0.00,,
trampa de condensados tipo bola spirax sarco,,0,,0.00,,
trampa de cubeta b4 de 32 spirax sarco,,0,,0.00,,
trampa de cubeta invertida spirax sarco b5,,0,,0.00,,
trampa de cubeta invertida spirax sarco tipo b,,0,,0.00,,
trampa de cubeta spirax sarco b4 de 1 1 4,,0,,0.00,,
trampa de flote spirax sarco,,0,,0.00,,
trampa de flote spirax sarco ft 14,,0,,0.00,,
trampa de vapor de1 2 pulgada spirax sarco mercado libre,,0,,0.00,,
trampa de vapor flotador spirax sarco,,0,,0.00,,
trampa de vapor spirax sarco 1 4,,0,,0.00,,
trampa de vapor spirax sarco 1 4 14305,,0,,0.00,,
trampa de vapor spirax sarco 14305,,0,,0.00,,
trampa de vapor spirax sarco 58014 a,,0,,0.00,,
trampa de vapor spirax sarco de 1 2 modelo vpc32y,,0,,0.00,,
trampa de vapor spirax sarco ft 14,,0,,0.00,,
trampa de vapor spirax sarco ft 14 rango de trabajo,,0,,0.00,,
trampa de vapor spirax sarco ft14 ebay,,0,,0.00,,
trampa de vapor spirax sarco td 52,,0,,0.00,,
trampa de vapor spirax sarco td42h rango de trabajo,,0,,0.00,,
trampa de vapor spirax sarco vertical,,0,,0.00,,
trampa de vapor td5225mm-1 marca spirax sarco presion 43 kg,,0,,0.00,,
trampa de vapor termodinamica spirax sarco td3-3,,0,,0.00,,
trampa de vapor termostatica spirax sarco,,0,,0.00,,
trampa flotador fti spirax sarco,,0,,0.00,,
trampa flotador spirax sarco a126,,0,,0.00,,
trampa flotador spirax sarco ft-1410,,0,,0.00,,
trampa ft14 10 spirax sarco,,0,,0.00,,
trampa ftd spirax sarco,,0,,0.00,,
trampa fti200 spirax sarco,,0,,0.00,,
trampa j3x equivalente en spirax sarco,,0,,0.00,,
trampa para aire comprimido spirax sarco,,0,,0.00,,
trampa para condensados spirax sarco,,0,,0.00,,
trampa para serpentin spirax sarco,,0,,0.00,,
trampa para vapor spirax sarco distribuidor en ciudad de mexico,,0,,0.00,,
trampa spirax sarco 216 wcb,,0,,0.00,,
trampa spirax sarco a126,,0,,0.00,,
trampa spirax sarco a216 wcb,,0,,0.00,,
trampa spirax sarco ca 550 precio,,0,,0.00,,
trampa spirax sarco ca550 precio,,0,,0.00,,
trampa spirax sarco dn25,,0,,0.00,,
trampa spirax sarco ft 550 ac precio,,0,,0.00,,
trampa spirax sarco ft-1410,,0,,0.00,,
trampa spirax sarco ft14,,0,,0.00,,
trampa spirax sarco ftb,,0,,0.00,,
trampa tdc spirax sarco,,0,,0.00,,
trampa termodinamica con filtro spirax sarco,,0,,0.00,,
trampa termodinamica de 1 2 spirax sarco p vapor usa,,0,,0.00,,
trampa termodinamica de laberinto spirax sarco,,0,,0.00,,
trampa termodinamica de vapor de laberinto spirax sarco,,0,,0.00,,
trampa termodinamica de vapor tipo laberinto spirax sarco,,0,,0.00,,
trampa termodinamica roscada 3 8 spirax sarco,,0,,0.00,,
trampa termodinamica spirax sarco 3 4,,0,,0.00,,
trampa termodinamica spirax sarco 3 4 150 lbs,,0,,0.00,,
trampa termodinamica spirax sarco funcionamiento,,0,,0.00,,
trampa termodinamica spirax sarco peru,,0,,0.00,,
trampa termodinamica spirax sarco precio,,0,,0.00,,
trampa termodinamica spirax sarco proveedores,,0,,0.00,,
trampa termodinamica spirax sarco tapa azul,,0,,0.00,,
trampa termodinamica spirax sarco td 52 pdf,,0,,0.00,,
trampa termodinamica spirax sarco tds 52,,0,,0.00,,
trampa termodinamica vapor spirax sarco,,0,,0.00,,
trampa termodinámica spirax sarco,,0,,0.00,,
trampa termodinámica spirax sarco 3 4,,0,,0.00,,
trampa termodinámica spirax sarco funcionamiento,,0,,0.00,,
trampa termostatica bp spirax sarco,,0,,0.00,,
trampa termostatica bpt13a spirax sarco,,0,,0.00,,
trampa termostatica bpt13a spirax sarco en español,,0,,0.00,,
trampa termostatica spirax sarco 3 4,,0,,0.00,,
trampa tipo flotador spirax sarco,,0,,0.00,,
trampa tipo flotador spirax sarco ft14,,0,,0.00,,
trampa vapor flotador spirax sarco,,0,,0.00,,
trampa vapor spirax sarco ft 14,,0,,0.00,,
trampa vapor spirax sarco ft 43,,0,,0.00,,
trampas balde invertido spirax sarco,,0,,0.00,,
trampas de cubeta invertida spirax sarco,,0,,0.00,,
trampas de flotador spirax sarco,,0,,0.00,,
trampas de flotador termostatica spirax sarco,,0,,0.00,,
trampas de spirax sarco mexico,,0,,0.00,,
trampas de vapor balde invertido spirax sarco fallas,,0,,0.00,,
trampas de vapor spirax sarco 925 10,,0,,0.00,,
trampas de vapor spirax sarco b1h pdf,,0,,0.00,,
trampas de vapor spirax sarco fallas,,0,,0.00,,
trampas de vapor spirax sarco mantenimiento,,0,,0.00,,
trampas de vapor tds 52 spirax sarco instalacion pdf,,0,,0.00,,
trampas de vapor tds 52 spirax sarco pdf,,0,,0.00,,
trampas de vapor termodinamica strainer spirax sarco,,0,,0.00,,
trampas de vapor termodinamicas spirax sarco+,,0,,0.00,,
trampas de vapor termostaticas spirax sarco,,0,,0.00,,
trampas ded vapor spirax sarco,,0,,0.00,,
trampas mecanicas de vapor spirax sarco,,0,,0.00,,
trampas para condensados spirax sarco,,0,,0.00,,
trampas spirax sarco con flange,,0,,0.00,,
trampas spirax sarco con flange figura l02,,0,,0.00,,
trampas spirax sarco con flanged figura l02,,0,,0.00,,
trampas spirax sarco peru,,0,,0.00,,
trampas termodinamicas spirax sarco tdc,,0,,0.00,,
trampas termodinámicas spirax sarco,,0,,0.00,,
trampas termostaticas spirax sarco ebay,,0,,0.00,,
trampas termostaticas spirax sarco tipo h ebay,,0,,0.00,,
trampas termostaticas spirax sarco videos,,0,,0.00,,
trampas termostaticas tipo h spirax sarco ebay,,0,,0.00,,
trampas vapor spirax sarco catalogo,,0,,0.00,,
tuberias de vapor spirax sarco,,0,,0.00,,
valbula reguladora de vapor spirax sarco,,0,,0.00,,
valvula 25p spirax sarco despiece,,0,,0.00,,
valvula 25t spirax sarco,,0,,0.00,,
valvula aire comprimido spirax sarco,,0,,0.00,,
valvula antirretorno spirax sarco gnc,,0,,0.00,,
valvula autoreguladora p25 spirax sarco,,0,,0.00,,
valvula autoreguladora spirax sarco 25p 2,,0,,0.00,,
valvula bola spirax sarco 1 2,,0,,0.00,,
valvula brv spirax sarco,,0,,0.00,,
valvula check inox spirax sarco,,0,,0.00,,
valvula control spirax sarco,,0,,0.00,,
valvula control spirax sarco pf61g-2bd,,0,,0.00,,
valvula control spirax sarco pf61g-2bd colombia,,0,,0.00,,
valvula de bola 3d spirax sarco,,0,,0.00,,
valvula de bola para vapor spirax sarco,,0,,0.00,,
valvula de cierre rapido spirax sarco m10s2,,0,,0.00,,
valvula de contro bea51 spirax sarco,,0,,0.00,,
valvula de control de temperatura spirax sarco,,0,,0.00,,
valvula de control de tres vias kv 35 spirax sarco,,0,,0.00,,
valvula de control modulante con actuador neumatico marca spirax sarco,,0,,0.00,,
valvula de control modulante spirax sarco,,0,,0.00,,
valvula de corte spirax sarco,,0,,0.00,,
valvula de retencion tipo disco resorte spirax-sarco,,0,,0.00,,
valvula de seguridad 211s spirax sarco,,0,,0.00,,
valvula de seguridad hoja téncica spirax sarco,,0,,0.00,,
valvula de seguridad spirax sarco 56,,0,,0.00,,
valvula de seguridad sv60 spirax sarco,,0,,0.00,,
valvula de seguridad sv72 spirax sarco,,0,,0.00,,
valvula de seguridad tanque spirax sarco,,0,,0.00,,
valvula de venteo spirax sarco,,0,,0.00,,
valvula eliminadora de aire marca spirax sarco,,0,,0.00,,
valvula esferica spirax sarco aire,,0,,0.00,,
valvula esferica spirax sarco de 2 pulgadas inoxidable,,0,,0.00,,
valvula fuelle spirax sarco,,0,,0.00,,
valvula mezcladora spirax sarco,,0,,0.00,,
valvula modulante spirax sarco chile,,0,,0.00,,
valvula modulante spirax sarco sp400,,0,,0.00,,
valvula neumatica spirax sarco,,0,,0.00,,
valvula on off spirax sarco,,0,,0.00,,
valvula pav spirax sarco instalacion,,0,,0.00,,
valvula pg spirax sarco,,0,,0.00,,
valvula piston asiento inclinado spirax sarco,,0,,0.00,,
valvula proporcional ael 6321 spirax sarco,,0,,0.00,,
valvula proporcional ael6321 spirax sarco,,0,,0.00,,
valvula proporcional neumatica spirax sarco,,0,,0.00,,
valvula proporcional spirax sarco,,0,,0.00,,
valvula purga automatica spirax sarco,,0,,0.00,,
valvula pv6211 spirax sarco,,0,,0.00,,
valvula reductora de presion de 10 para aire spirax sarco,,0,,0.00,,
valvula reductora de presion de accion directa spirax sarco,,0,,0.00,,
valvula reductora de presion simbolo spirax sarco,,0,,0.00,,
valvula reductora de presion simbolo spirax sarco bdv,,0,,0.00,,
valvula reductora de presion spirax sarco dp 27,,0,,0.00,,
valvula reductora de presion spirax sarco ti-p470-01,,0,,0.00,,
valvula regulador de presion spirax sarco,,0,,0.00,,
valvula reguladora 25p spirax sarco,,0,,0.00,,
valvula reguladora 25p spirax sarco 3,,0,,0.00,,
valvula reguladora de aire spirax sarco,,0,,0.00,,
valvula reguladora de presion de vapor spirax sarco precio,,0,,0.00,,
valvula reguladora de presion para vapor spirax sarco,,0,,0.00,,
valvula reguladora de presion spirax sarco 2 250,,0,,0.00,,
valvula reguladora de temperatura spirax sarco,,0,,0.00,,
valvula reguladora de vapor dp 25 spirax sarco,,0,,0.00,,
valvula reguladora de vapor dp 25 spirax sarco ebay,,0,,0.00,,
valvula reguladora de vapor spirax sarco precio,,0,,0.00,,
valvula reguladora de vapor spirax sarco sello amarillo,,0,,0.00,,
valvula reguladora spirax sarco 25p 2,,0,,0.00,,
valvula reguladora spirax sarco despiece,,0,,0.00,,
valvula reguladora spirax sarco seccionada,,0,,0.00,,
valvula reguladora spirax sarco serie 25,,0,,0.00,,
valvula rompe vacio spirax sarco,,0,,0.00,,
valvula solenoide 3 2 spirax-sarco,,0,,0.00,,
valvula solenoide 3 2 vias spirax-sarco,,0,,0.00,,
valvula spirax sarco 1 2,,0,,0.00,,
valvula spirax sarco 25 p,,0,,0.00,,
valvula spirax sarco 25p manual,,0,,0.00,,
valvula spirax sarco 3 2 vias,,0,,0.00,,
valvula spirax sarco 3 2 vias 581,,0,,0.00,,
valvula spirax sarco 539134,,0,,0.00,,
valvula spirax sarco 581,,0,,0.00,,
valvula spirax sarco 581-15,,0,,0.00,,
valvula spirax sarco 59181p,,0,,0.00,,
valvula spirax sarco 9123e,,0,,0.00,,
valvula spirax sarco angular,,0,,0.00,,
valvula spirax sarco best2 gb6,,0,,0.00,,
valvula spirax sarco brv2s,,0,,0.00,,
valvula spirax sarco brv2s delpin,,0,,0.00,,
valvula spirax sarco bsa1t,,0,,0.00,,
valvula spirax sarco con bulbo de temperatura 25 s,,0,,0.00,,
valvula spirax sarco con bulbo de temperatura25 s,,0,,0.00,,
valvula spirax sarco delpin,,0,,0.00,,
valvula spirax sarco dn 65 pn 16,,0,,0.00,,
valvula spirax sarco en colombia,,0,,0.00,,
valvula spirax sarco inox dos pulgadas,,0,,0.00,,
valvula spirax sarco le33,,0,,0.00,,
valvula spirax sarco lea33,,0,,0.00,,
valvula spirax sarco m5 v4,,0,,0.00,,
valvula spirax sarco mercado libre,,0,,0.00,,
valvula spirax sarco pm,,0,,0.00,,
valvula spirax sarco pmo-tmo 150 psig pma-tma 150 psig-450º f,,0,,0.00,,
valvula spirax sarco pmo-tmo 150 psig pma-tma 150psig-450º f,,0,,0.00,,
valvula spirax sarco pn 16,,0,,0.00,,
valvula spirax sarco trampas de fuelle,,0,,0.00,,
valvula spirax sarco vcv,,0,,0.00,,
valvula termostatica de aire bp22 marca spirax sarco,,0,,0.00,,
valvula termostatica de aire bp22 spirax sarco,,0,,0.00,,
valvula tipo pistón actuada spirax-sarco,,0,,0.00,,
valvula tipo pn9126e spirax sarco,,0,,0.00,,
valvula tipo pn9126e spirax sarco funcionamiento,,0,,0.00,,
valvula trampa de vapor spirax sarco,,0,,0.00,,
valvula trampa de vapor spirax sarco dibujo,,0,,0.00,,
valvulas de 3 vias para agua spirax sarco,,0,,0.00,,
valvulas de bola spirax sarco,,0,,0.00,,
valvulas de contril spirax sarco,,0,,0.00,,
valvulas de control spirax sarco,,0,,0.00,,
valvulas de control spirax sarco 90,,0,,0.00,,
valvulas de fuelle spirax sarco,,0,,0.00,,
valvulas de globo spirax sarco,,0,,0.00,,
valvulas de seguridad para calderas spirax sarco,,0,,0.00,,
valvulas de seguridad para calderas spirax sarco 1 2,,0,,0.00,,
valvulas de seguridad y alivio spirax sarco,,0,,0.00,,
valvulas globo para vapor spirax sarco,,0,,0.00,,
valvulas ke 73 spirax sarco,,0,,0.00,,
valvulas ke73 spirax sarco,,0,,0.00,,
valvulas reductoras de presion spirax sarco lima,,0,,0.00,,
valvulas reductoras de presion spirax sarco ventas lima,,0,,0.00,,
valvulas reguladoras de presion spirax sarco modelo antiguo para vapor,,0,,0.00,,
valvulas reguladoras spirax sarco,,0,,0.00,,
valvulas spirax sarco distribuidor,,0,,0.00,,
valvulas spirax sarco ecuador,,0,,0.00,,
valvulas spirax sarco preços,,0,,0.00,,
valvulas spirax sarco sanitaria reguladora,,0,,0.00,,
valvulas spirax sarco vapor,,0,,0.00,,
valvulas spirax sarco venezuela,,0,,0.00,,
valvulas vapor spirax sarco,,0,,0.00,,
valvuloa reductora de presion spirax sarco,,0,,0.00,,
venta de valvulas spirax sarco,,0,,0.00,,
video trampa de vapor con flotador spirax sarco,,0,,0.00,,
video trampa de vapor spirax sarco,,0,,0.00,,
videos spirax sarco español,,0,,0.00,,
videos spirax sarco vapor en español,,0,,0.00,,
válvula auto-reguladora spirax sarco 25p 2,,0,,0.00,,
válvula autoreguladora spirax sarco 3 4,,0,,0.00,,
válvula de control spirax sarco,,0,,0.00,,
válvula de control tipo globo 2 vías spira-trol spirax sarco,,0,,0.00,,
válvula de globo kea spirax sarco,,0,,0.00,,
válvula de retencion spirax sarco,,0,,0.00,,
válvula de retencion spirax sarco lima,,0,,0.00,,
válvula de retorno simple laton spirax sarco,,0,,0.00,,
válvula de seguridad y alivio spirax sarco,,0,,0.00,,
válvula ke 73 spirax sarco,,0,,0.00,,
válvula ke 73 spirax sarco funcion,,0,,0.00,,
válvula ke 73 spirax sarco uso,,0,,0.00,,
válvula ke73 spirax sarco uso,,0,,0.00,,
válvula kea73 spirax sarco uso,,0,,0.00,,
válvula le 33 spirax sarco uso,,0,,0.00,,
válvula le33 spirax sarco uso,,0,,0.00,,
válvula spirax sarco 25p manual,,0,,0.00,,
válvulas de seguridad 560 spirax sarco,,0,,0.00,,
válvulas de seguridad spirax sarco,,0,,0.00,,
válvulas de seguridad sv spirax sarco,,0,,0.00,,
válvulas de seguridad sv5 spirax sarco,,0,,0.00,,
válvulas de seguridad sv560 spirax sarco,,0,,0.00,,
válvulas de vapor spirax sarco,,0,,0.00,,
válvulas spirax sarco tres vias lacteos,,0,,0.00,,
yrampas de flotador termostatica spirax sarco,,0,,0.00,,
